01/Feb/2017:23:35:10, 53, 1150, 1, search
01/Feb/2017:23:35:10, 583, 2245, 2, search
01/Feb/2017:23:35:10, 53, 1150, 1, search
01/Feb/2017:23:35:10, 583, 225, 2, search
01/Feb/2017:23:35:10, 53, 1110, 1, search
01/Feb/2017:23:35:10, 583, 2225, 2, search
01/Feb/2017:23:35:10, 53, 1120, 1, search
01/Feb/2017:23:35:10, 583, 2245, 2, search
01/Feb/2017:23:35:10, 53, 1120, 1, search
01/Feb/2017:23:35:10, 583, 2235, 2, search
01/Feb/2017:23:35:10, 53, 1110, 1, search
01/Feb/2017:23:35:10, 583, 2240, 2, search
01/Feb/2017:23:35:10, 53, 1150, 1, search
01/Feb/2017:23:35:10, 583, 2215, 2, search
01/Feb/2017:23:35:10, 53, 1140, 1, search
01/Feb/2017:23:35:10, 583, 2220, 2, search
01/Feb/2017:23:35:10, 53, 1120, 1, search
01/Feb/2017:23:35:10, 583, 2250, 2, search
01/Feb/2017:23:35:10, 53, 1130, 1, search
01/Feb/2017:23:35:10, 583, 2240, 2, search
01/Feb/2017:23:35:10, 53, 1140, 1, search
01/Feb/2017:23:35:10, 583, 2230, 2, search
01/Feb/2017:23:35:10, 53, 1140, 1, buy
01/Feb/2017:23:35:10, 583, 2235, 2, search
01/Feb/2017:23:35:10, 433, 1150, 1, search
01/Feb/2017:23:35:10, 75, 2240, 2, search
01/Feb/2017:23:35:10, 433, 1110, 1, search
01/Feb/2017:23:35:10, 75, 2235, 2, search
01/Feb/2017:23:35:10, 433, 1130, 1, search
01/Feb/2017:23:35:10, 75, 2220, 2, search
01/Feb/2017:23:35:10, 433, 1130, 1, search
01/Feb/2017:23:35:10, 75, 2225, 2, search
01/Feb/2017:23:35:10, 433, 1110, 1, search
01/Feb/2017:23:35:10, 75, 2225, 2, search
01/Feb/2017:23:35:10, 433, 1110, 1, search
01/Feb/2017:23:35:10, 75, 2235, 2, search
01/Feb/2017:23:35:10, 433, 1110, 1, search
01/Feb/2017:23:35:10, 75, 2235, 2, search
01/Feb/2017:23:35:10, 433, 1130, 1, search
01/Feb/2017:23:35:10, 75, 2220, 2, search
01/Feb/2017:23:35:10, 433, 1110, 1, search
01/Feb/2017:23:35:10, 75, 2235, 2, search
01/Feb/2017:23:35:10, 433, 1150, 1, search
01/Feb/2017:23:35:10, 75, 2215, 2, search
01/Feb/2017:23:35:10, 433, 1130, 1, search
01/Feb/2017:23:35:10, 75, 2230, 2, search
01/Feb/2017:23:35:10, 433, 1130, 1, search
01/Feb/2017:23:35:10, 75, 2230, 2, search
01/Feb/2017:23:35:10, 433, 1130, 1, search
01/Feb/2017:23:35:10, 75, 2215, 2, search
01/Feb/2017:23:35:10, 433, 1150, 1, search
01/Feb/2017:23:35:10, 75, 2220, 2, search
01/Feb/2017:23:35:10, 433, 1110, 1, search
01/Feb/2017:23:35:10, 75, 2250, 2, search
01/Feb/2017:23:35:10, 433, 1130, 1, search
01/Feb/2017:23:35:10, 75, 2230, 2, search
01/Feb/2017:23:35:10, 433, 1120, 1, search
01/Feb/2017:23:35:10, 75, 2240, 2, search
01/Feb/2017:23:35:10, 433, 1140, 1, search
01/Feb/2017:23:35:10, 75, 2250, 2, search
01/Feb/2017:23:35:10, 433, 1130, 1, search
01/Feb/2017:23:35:10, 75, 2215, 2, search
01/Feb/2017:23:35:10, 433, 1140, 1, search
01/Feb/2017:23:35:10, 75, 2225, 2, search
01/Feb/2017:23:35:10, 405, 1140, 1, search
01/Feb/2017:23:35:10, 631, 2210, 2, search
01/Feb/2017:23:35:10, 405, 1150, 1, search
01/Feb/2017:23:35:10, 631, 2250, 2, search
01/Feb/2017:23:35:10, 405, 1120, 1, search
01/Feb/2017:23:35:10, 631, 2225, 2, search
01/Feb/2017:23:35:10, 405, 1110, 1, search
01/Feb/2017:23:35:10, 631, 2230, 2, search
01/Feb/2017:23:35:10, 405, 1140, 1, search
01/Feb/2017:23:35:10, 631, 2220, 2, search
01/Feb/2017:23:35:10, 405, 1120, 1, search
01/Feb/2017:23:35:10, 631, 2220, 2, search
01/Feb/2017:23:35:10, 405, 1150, 1, search
01/Feb/2017:23:35:10, 631, 2250, 2, search
01/Feb/2017:23:35:10, 405, 1150, 1, search
01/Feb/2017:23:35:10, 631, 2235, 2, search
01/Feb/2017:23:35:10, 405, 1110, 1, search
01/Feb/2017:23:35:10, 631, 2220, 2, search
01/Feb/2017:23:35:10, 405, 1110, 1, search
01/Feb/2017:23:35:10, 631, 2230, 2, search
01/Feb/2017:23:35:10, 405, 1110, 1, search
01/Feb/2017:23:35:10, 631, 2250, 2, search
01/Feb/2017:23:35:10, 405, 1150, 1, search
01/Feb/2017:23:35:10, 631, 2215, 2, search
01/Feb/2017:23:35:10, 405, 1120, 1, search
01/Feb/2017:23:35:10, 631, 2235, 2, search
01/Feb/2017:23:35:10, 405, 1140, 1, search
01/Feb/2017:23:35:10, 631, 225, 2, search
01/Feb/2017:23:35:10, 405, 1140, 1, search
01/Feb/2017:23:35:10, 631, 2230, 2, search
01/Feb/2017:23:35:10, 405, 1140, 1, search
01/Feb/2017:23:35:10, 631, 2240, 2, search
01/Feb/2017:23:35:10, 405, 1150, 1, search
01/Feb/2017:23:35:10, 631, 2240, 2, search
01/Feb/2017:23:35:10, 405, 1120, 1, search
01/Feb/2017:23:35:10, 631, 2250, 2, search
01/Feb/2017:23:35:10, 405, 1130, 1, search
01/Feb/2017:23:35:10, 631, 2245, 2, search
01/Feb/2017:23:35:10, 405, 1120, 1, search
01/Feb/2017:23:35:10, 631, 2245, 2, search
01/Feb/2017:23:35:10, 595, 1150, 1, search
01/Feb/2017:23:35:10, 700, 225, 2, buy
01/Feb/2017:23:35:10, 22, 1140, 1, search
01/Feb/2017:23:35:10, 740, 2240, 2, buy
01/Feb/2017:23:35:10, 873, 1120, 1, search
01/Feb/2017:23:35:10, 144, 2235, 2, search
01/Feb/2017:23:35:10, 873, 1150, 1, search
01/Feb/2017:23:35:10, 144, 2220, 2, search
01/Feb/2017:23:35:10, 873, 1150, 1, search
01/Feb/2017:23:35:10, 144, 2220, 2, search
01/Feb/2017:23:35:10, 873, 1150, 1, search
01/Feb/2017:23:35:10, 144, 2225, 2, search
01/Feb/2017:23:35:10, 873, 1110, 1, search
01/Feb/2017:23:35:10, 144, 2245, 2, search
01/Feb/2017:23:35:10, 873, 1120, 1, search
01/Feb/2017:23:35:10, 144, 2245, 2, search
01/Feb/2017:23:35:10, 873, 1130, 1, search
01/Feb/2017:23:35:10, 144, 2220, 2, search
01/Feb/2017:23:35:10, 873, 1130, 1, search
01/Feb/2017:23:35:10, 144, 2240, 2, search
01/Feb/2017:23:35:10, 873, 1120, 1, search
01/Feb/2017:23:35:10, 144, 2230, 2, search
01/Feb/2017:23:35:10, 873, 1130, 1, search
01/Feb/2017:23:35:10, 144, 2235, 2, search
01/Feb/2017:23:35:10, 873, 1130, 1, search
01/Feb/2017:23:35:10, 144, 2230, 2, search
01/Feb/2017:23:35:10, 873, 1120, 1, search
01/Feb/2017:23:35:10, 144, 2210, 2, search
01/Feb/2017:23:35:10, 873, 1120, 1, search
01/Feb/2017:23:35:10, 144, 2225, 2, search
01/Feb/2017:23:35:10, 873, 1110, 1, search
01/Feb/2017:23:35:10, 144, 2230, 2, search
01/Feb/2017:23:35:10, 873, 1130, 1, search
01/Feb/2017:23:35:10, 144, 2245, 2, search
01/Feb/2017:23:35:10, 873, 1150, 1, search
01/Feb/2017:23:35:10, 144, 225, 2, search
01/Feb/2017:23:35:10, 873, 1110, 1, search
01/Feb/2017:23:35:10, 144, 2225, 2, search
01/Feb/2017:23:35:10, 873, 1110, 1, search
01/Feb/2017:23:35:10, 144, 2240, 2, buy
01/Feb/2017:23:35:10, 970, 1120, 1, search
01/Feb/2017:23:35:10, 43, 2235, 2, search
01/Feb/2017:23:35:10, 970, 1140, 1, search
01/Feb/2017:23:35:10, 43, 2240, 2, search
01/Feb/2017:23:35:10, 970, 1110, 1, search
01/Feb/2017:23:35:10, 43, 2210, 2, search
01/Feb/2017:23:35:10, 970, 1150, 1, buy
01/Feb/2017:23:35:10, 43, 2250, 2, search
01/Feb/2017:23:35:10, 363, 1140, 1, search
01/Feb/2017:23:35:10, 6, 225, 2, search
01/Feb/2017:23:35:10, 363, 1150, 1, search
01/Feb/2017:23:35:10, 6, 2225, 2, search
01/Feb/2017:23:35:10, 363, 1140, 1, buy
01/Feb/2017:23:35:10, 6, 2220, 2, search
01/Feb/2017:23:35:10, 866, 1140, 1, search
01/Feb/2017:23:35:10, 786, 2240, 2, search
01/Feb/2017:23:35:10, 866, 1110, 1, search
01/Feb/2017:23:35:10, 786, 2230, 2, search
01/Feb/2017:23:35:10, 866, 1130, 1, search
01/Feb/2017:23:35:10, 786, 2220, 2, buy
01/Feb/2017:23:35:10, 762, 1120, 1, search
01/Feb/2017:23:35:10, 707, 2235, 2, buy
01/Feb/2017:23:35:10, 607, 1140, 1, search
01/Feb/2017:23:35:10, 743, 2240, 2, search
01/Feb/2017:23:35:10, 607, 1110, 1, search
01/Feb/2017:23:35:10, 743, 2225, 2, search
01/Feb/2017:23:35:10, 607, 1150, 1, search
01/Feb/2017:23:35:10, 743, 2215, 2, search
01/Feb/2017:23:35:10, 607, 1130, 1, search
01/Feb/2017:23:35:10, 743, 2245, 2, search
01/Feb/2017:23:35:10, 607, 1120, 1, search
01/Feb/2017:23:35:10, 743, 2235, 2, search
01/Feb/2017:23:35:10, 607, 1150, 1, search
01/Feb/2017:23:35:10, 743, 2235, 2, search
01/Feb/2017:23:35:10, 607, 1120, 1, search
01/Feb/2017:23:35:10, 743, 2230, 2, search
01/Feb/2017:23:35:10, 607, 1150, 1, search
01/Feb/2017:23:35:10, 743, 225, 2, search
01/Feb/2017:23:35:10, 607, 1120, 1, search
01/Feb/2017:23:35:10, 743, 2225, 2, search
01/Feb/2017:23:35:10, 607, 1150, 1, search
01/Feb/2017:23:35:10, 743, 2215, 2, search
01/Feb/2017:23:35:10, 607, 1120, 1, search
01/Feb/2017:23:35:10, 743, 2235, 2, search
01/Feb/2017:23:35:10, 607, 1130, 1, search
01/Feb/2017:23:35:10, 743, 2230, 2, search
01/Feb/2017:23:35:10, 607, 1120, 1, search
01/Feb/2017:23:35:10, 743, 2215, 2, search
01/Feb/2017:23:35:10, 607, 1110, 1, search
01/Feb/2017:23:35:10, 743, 2240, 2, search
01/Feb/2017:23:35:10, 607, 1130, 1, search
01/Feb/2017:23:35:10, 743, 225, 2, search
01/Feb/2017:23:35:10, 607, 1110, 1, search
01/Feb/2017:23:35:10, 743, 2215, 2, search
01/Feb/2017:23:35:10, 607, 1130, 1, search
01/Feb/2017:23:35:10, 743, 2210, 2, search
01/Feb/2017:23:35:10, 607, 1140, 1, search
01/Feb/2017:23:35:10, 743, 2230, 2, search
01/Feb/2017:23:35:10, 607, 1150, 1, search
01/Feb/2017:23:35:10, 743, 2220, 2, search
01/Feb/2017:23:35:10, 607, 1140, 1, search
01/Feb/2017:23:35:10, 743, 2240, 2, search
01/Feb/2017:23:35:10, 380, 1140, 1, search
01/Feb/2017:23:35:10, 830, 2240, 2, search
01/Feb/2017:23:35:10, 380, 1110, 1, search
01/Feb/2017:23:35:10, 830, 2250, 2, search
01/Feb/2017:23:35:10, 380, 1130, 1, search
01/Feb/2017:23:35:10, 830, 2245, 2, search
01/Feb/2017:23:35:10, 380, 1110, 1, search
01/Feb/2017:23:35:10, 830, 225, 2, search
01/Feb/2017:23:35:10, 380, 1140, 1, search
01/Feb/2017:23:35:10, 830, 225, 2, search
01/Feb/2017:23:35:10, 380, 1140, 1, search
01/Feb/2017:23:35:10, 830, 2225, 2, search
01/Feb/2017:23:35:10, 380, 1120, 1, search
01/Feb/2017:23:35:10, 830, 2210, 2, search
01/Feb/2017:23:35:10, 380, 1110, 1, search
01/Feb/2017:23:35:10, 830, 2225, 2, search
01/Feb/2017:23:35:10, 380, 1120, 1, search
01/Feb/2017:23:35:10, 830, 2230, 2, search
01/Feb/2017:23:35:10, 380, 1110, 1, search
01/Feb/2017:23:35:10, 830, 2230, 2, search
01/Feb/2017:23:35:10, 380, 1140, 1, search
01/Feb/2017:23:35:10, 830, 2220, 2, search
01/Feb/2017:23:35:10, 380, 1130, 1, search
01/Feb/2017:23:35:10, 830, 2240, 2, search
01/Feb/2017:23:35:10, 380, 1110, 1, search
01/Feb/2017:23:35:10, 830, 2210, 2, search
01/Feb/2017:23:35:10, 380, 1130, 1, search
01/Feb/2017:23:35:10, 830, 2220, 2, search
01/Feb/2017:23:35:10, 380, 1120, 1, search
01/Feb/2017:23:35:10, 830, 2225, 2, search
01/Feb/2017:23:35:10, 380, 1110, 1, search
01/Feb/2017:23:35:10, 830, 225, 2, search
01/Feb/2017:23:35:10, 380, 1150, 1, search
01/Feb/2017:23:35:10, 830, 2225, 2, search
01/Feb/2017:23:35:10, 380, 1140, 1, search
01/Feb/2017:23:35:10, 830, 2235, 2, search
01/Feb/2017:23:35:10, 380, 1120, 1, search
01/Feb/2017:23:35:10, 830, 2220, 2, search
01/Feb/2017:23:35:10, 380, 1120, 1, search
01/Feb/2017:23:35:10, 830, 2240, 2, search
01/Feb/2017:23:35:10, 316, 1140, 1, search
01/Feb/2017:23:35:10, 392, 2245, 2, search
01/Feb/2017:23:35:10, 316, 1140, 1, search
01/Feb/2017:23:35:10, 392, 2230, 2, search
01/Feb/2017:23:35:10, 316, 1110, 1, search
01/Feb/2017:23:35:10, 392, 2225, 2, search
01/Feb/2017:23:35:10, 316, 1130, 1, search
01/Feb/2017:23:35:10, 392, 2245, 2, search
01/Feb/2017:23:35:10, 316, 1120, 1, buy
01/Feb/2017:23:35:10, 392, 2240, 2, search
01/Feb/2017:23:35:10, 255, 1140, 1, search
01/Feb/2017:23:35:10, 731, 2245, 2, search
01/Feb/2017:23:35:10, 255, 1150, 1, search
01/Feb/2017:23:35:10, 731, 2235, 2, search
01/Feb/2017:23:35:10, 255, 1150, 1, search
01/Feb/2017:23:35:10, 731, 225, 2, search
01/Feb/2017:23:35:10, 255, 1140, 1, search
01/Feb/2017:23:35:10, 731, 2210, 2, search
01/Feb/2017:23:35:10, 255, 1140, 1, search
01/Feb/2017:23:35:10, 731, 2210, 2, search
01/Feb/2017:23:35:10, 255, 1140, 1, search
01/Feb/2017:23:35:10, 731, 2225, 2, search
01/Feb/2017:23:35:10, 255, 1120, 1, search
01/Feb/2017:23:35:10, 731, 2230, 2, buy
01/Feb/2017:23:35:10, 915, 1120, 1, search
01/Feb/2017:23:35:10, 584, 2250, 2, search
01/Feb/2017:23:35:10, 915, 1110, 1, search
01/Feb/2017:23:35:10, 584, 2225, 2, search
01/Feb/2017:23:35:10, 915, 1140, 1, search
01/Feb/2017:23:35:10, 584, 2250, 2, search
01/Feb/2017:23:35:10, 915, 1140, 1, search
01/Feb/2017:23:35:10, 584, 2235, 2, search
01/Feb/2017:23:35:10, 915, 1120, 1, search
01/Feb/2017:23:35:10, 584, 2245, 2, search
01/Feb/2017:23:35:10, 915, 1140, 1, search
01/Feb/2017:23:35:10, 584, 2210, 2, search
01/Feb/2017:23:35:10, 915, 1110, 1, search
01/Feb/2017:23:35:10, 584, 2245, 2, search
01/Feb/2017:23:35:10, 915, 1130, 1, search
01/Feb/2017:23:35:10, 584, 2235, 2, search
01/Feb/2017:23:35:10, 915, 1120, 1, search
01/Feb/2017:23:35:10, 584, 2245, 2, search
01/Feb/2017:23:35:10, 915, 1150, 1, search
01/Feb/2017:23:35:10, 584, 2215, 2, search
01/Feb/2017:23:35:10, 915, 1120, 1, search
01/Feb/2017:23:35:10, 584, 225, 2, search
01/Feb/2017:23:35:10, 915, 1150, 1, search
01/Feb/2017:23:35:10, 584, 2250, 2, search
01/Feb/2017:23:35:10, 915, 1150, 1, search
01/Feb/2017:23:35:10, 584, 2250, 2, search
01/Feb/2017:23:35:10, 915, 1150, 1, search
01/Feb/2017:23:35:10, 584, 2220, 2, search
01/Feb/2017:23:35:10, 915, 1120, 1, buy
01/Feb/2017:23:35:10, 584, 2225, 2, search
01/Feb/2017:23:35:10, 864, 1120, 1, search
01/Feb/2017:23:35:10, 858, 2240, 2, search
01/Feb/2017:23:35:10, 864, 1110, 1, search
01/Feb/2017:23:35:10, 858, 2220, 2, search
01/Feb/2017:23:35:10, 864, 1110, 1, search
01/Feb/2017:23:35:10, 858, 2250, 2, search
01/Feb/2017:23:35:10, 864, 1150, 1, search
01/Feb/2017:23:35:10, 858, 2250, 2, search
01/Feb/2017:23:35:10, 864, 1130, 1, search
01/Feb/2017:23:35:10, 858, 2240, 2, buy
01/Feb/2017:23:35:10, 901, 1120, 1, search
01/Feb/2017:23:35:10, 555, 2235, 2, search
01/Feb/2017:23:35:10, 901, 1120, 1, search
01/Feb/2017:23:35:10, 555, 2220, 2, search
01/Feb/2017:23:35:10, 901, 1130, 1, search
01/Feb/2017:23:35:10, 555, 2230, 2, search
01/Feb/2017:23:35:10, 901, 1120, 1, search
01/Feb/2017:23:35:10, 555, 2215, 2, search
01/Feb/2017:23:35:10, 901, 1130, 1, search
01/Feb/2017:23:35:10, 555, 2240, 2, search
01/Feb/2017:23:35:10, 901, 1140, 1, search
01/Feb/2017:23:35:10, 555, 2250, 2, search
01/Feb/2017:23:35:10, 901, 1150, 1, buy
01/Feb/2017:23:35:10, 555, 2235, 2, search
01/Feb/2017:23:35:10, 560, 1140, 1, search
01/Feb/2017:23:35:10, 389, 2235, 2, search
01/Feb/2017:23:35:10, 560, 1150, 1, search
01/Feb/2017:23:35:10, 389, 2235, 2, search
01/Feb/2017:23:35:10, 560, 1130, 1, search
01/Feb/2017:23:35:10, 389, 2245, 2, search
01/Feb/2017:23:35:10, 560, 1140, 1, search
01/Feb/2017:23:35:10, 389, 225, 2, search
01/Feb/2017:23:35:10, 560, 1140, 1, search
01/Feb/2017:23:35:10, 389, 2225, 2, search
01/Feb/2017:23:35:10, 560, 1120, 1, search
01/Feb/2017:23:35:10, 389, 2245, 2, search
01/Feb/2017:23:35:10, 560, 1140, 1, search
01/Feb/2017:23:35:10, 389, 2245, 2, search
01/Feb/2017:23:35:10, 560, 1140, 1, search
01/Feb/2017:23:35:10, 389, 2250, 2, search
01/Feb/2017:23:35:10, 560, 1140, 1, search
01/Feb/2017:23:35:10, 389, 2235, 2, search
01/Feb/2017:23:35:10, 560, 1120, 1, search
01/Feb/2017:23:35:10, 389, 2230, 2, search
01/Feb/2017:23:35:10, 560, 1140, 1, search
01/Feb/2017:23:35:10, 389, 2225, 2, search
01/Feb/2017:23:35:10, 560, 1130, 1, search
01/Feb/2017:23:35:10, 389, 2245, 2, search
01/Feb/2017:23:35:10, 560, 1130, 1, search
01/Feb/2017:23:35:10, 389, 2245, 2, search
01/Feb/2017:23:35:10, 560, 1150, 1, search
01/Feb/2017:23:35:10, 389, 2235, 2, search
01/Feb/2017:23:35:10, 560, 1120, 1, search
01/Feb/2017:23:35:10, 389, 2215, 2, search
01/Feb/2017:23:35:10, 560, 1150, 1, search
01/Feb/2017:23:35:10, 389, 2230, 2, buy
01/Feb/2017:23:35:10, 954, 1130, 1, search
01/Feb/2017:23:35:10, 235, 2230, 2, search
01/Feb/2017:23:35:10, 954, 1120, 1, search
01/Feb/2017:23:35:10, 235, 2235, 2, search
01/Feb/2017:23:35:10, 954, 1140, 1, search
01/Feb/2017:23:35:10, 235, 2235, 2, search
01/Feb/2017:23:35:10, 954, 1110, 1, search
01/Feb/2017:23:35:10, 235, 2250, 2, search
01/Feb/2017:23:35:10, 954, 1150, 1, buy
01/Feb/2017:23:35:10, 235, 2220, 2, search
01/Feb/2017:23:35:10, 51, 1120, 1, buy
01/Feb/2017:23:35:10, 682, 2230, 2, search
01/Feb/2017:23:35:10, 909, 1110, 1, search
01/Feb/2017:23:35:10, 607, 2210, 2, search
01/Feb/2017:23:35:10, 909, 1130, 1, search
01/Feb/2017:23:35:10, 607, 2240, 2, search
01/Feb/2017:23:35:10, 909, 1110, 1, search
01/Feb/2017:23:35:10, 607, 2220, 2, search
01/Feb/2017:23:35:10, 909, 1140, 1, search
01/Feb/2017:23:35:10, 607, 2240, 2, search
01/Feb/2017:23:35:10, 909, 1110, 1, search
01/Feb/2017:23:35:10, 607, 2230, 2, buy
01/Feb/2017:23:35:10, 985, 1120, 1, search
01/Feb/2017:23:35:10, 722, 2240, 2, search
01/Feb/2017:23:35:10, 985, 1120, 1, search
01/Feb/2017:23:35:10, 722, 2225, 2, search
01/Feb/2017:23:35:10, 985, 1120, 1, search
01/Feb/2017:23:35:10, 722, 2220, 2, search
01/Feb/2017:23:35:10, 985, 1120, 1, search
01/Feb/2017:23:35:10, 722, 2235, 2, search
01/Feb/2017:23:35:10, 985, 1150, 1, search
01/Feb/2017:23:35:10, 722, 2225, 2, search
01/Feb/2017:23:35:10, 985, 1140, 1, search
01/Feb/2017:23:35:10, 722, 2245, 2, buy
01/Feb/2017:23:35:10, 447, 1110, 1, search
01/Feb/2017:23:35:10, 262, 2210, 2, search
01/Feb/2017:23:35:10, 447, 1110, 1, search
01/Feb/2017:23:35:10, 262, 2240, 2, search
01/Feb/2017:23:35:10, 447, 1120, 1, buy
01/Feb/2017:23:35:10, 262, 2235, 2, search
01/Feb/2017:23:35:10, 386, 1140, 1, search
01/Feb/2017:23:35:10, 309, 2245, 2, search
01/Feb/2017:23:35:10, 386, 1140, 1, search
01/Feb/2017:23:35:10, 309, 2215, 2, search
01/Feb/2017:23:35:10, 386, 1130, 1, search
01/Feb/2017:23:35:10, 309, 2230, 2, search
01/Feb/2017:23:35:10, 386, 1140, 1, search
01/Feb/2017:23:35:10, 309, 2245, 2, search
01/Feb/2017:23:35:10, 386, 1120, 1, search
01/Feb/2017:23:35:10, 309, 2220, 2, search
01/Feb/2017:23:35:10, 386, 1140, 1, search
01/Feb/2017:23:35:10, 309, 2235, 2, search
01/Feb/2017:23:35:10, 386, 1120, 1, search
01/Feb/2017:23:35:10, 309, 2215, 2, search
01/Feb/2017:23:35:10, 386, 1120, 1, search
01/Feb/2017:23:35:10, 309, 2220, 2, search
01/Feb/2017:23:35:10, 386, 1120, 1, search
01/Feb/2017:23:35:10, 309, 2225, 2, search
01/Feb/2017:23:35:10, 386, 1150, 1, search
01/Feb/2017:23:35:10, 309, 225, 2, search
01/Feb/2017:23:35:10, 386, 1140, 1, search
01/Feb/2017:23:35:10, 309, 2240, 2, search
01/Feb/2017:23:35:10, 386, 1110, 1, search
01/Feb/2017:23:35:10, 309, 2245, 2, search
01/Feb/2017:23:35:10, 386, 1110, 1, search
01/Feb/2017:23:35:10, 309, 2220, 2, search
01/Feb/2017:23:35:10, 386, 1150, 1, search
01/Feb/2017:23:35:10, 309, 225, 2, search
01/Feb/2017:23:35:10, 386, 1130, 1, search
01/Feb/2017:23:35:10, 309, 2240, 2, search
01/Feb/2017:23:35:10, 386, 1130, 1, search
01/Feb/2017:23:35:10, 309, 2215, 2, search
01/Feb/2017:23:35:10, 386, 1140, 1, search
01/Feb/2017:23:35:10, 309, 2250, 2, search
01/Feb/2017:23:35:10, 386, 1130, 1, search
01/Feb/2017:23:35:10, 309, 2245, 2, search
01/Feb/2017:23:35:10, 386, 1130, 1, buy
01/Feb/2017:23:35:10, 309, 2215, 2, search
01/Feb/2017:23:35:10, 90, 1120, 1, search
01/Feb/2017:23:35:10, 130, 2245, 2, search
01/Feb/2017:23:35:10, 90, 1120, 1, search
01/Feb/2017:23:35:10, 130, 2235, 2, buy
01/Feb/2017:23:35:10, 919, 1130, 1, search
01/Feb/2017:23:35:10, 789, 2235, 2, search
01/Feb/2017:23:35:10, 919, 1120, 1, search
01/Feb/2017:23:35:10, 789, 2220, 2, search
01/Feb/2017:23:35:10, 919, 1110, 1, search
01/Feb/2017:23:35:10, 789, 2225, 2, search
01/Feb/2017:23:35:10, 919, 1110, 1, search
01/Feb/2017:23:35:10, 789, 225, 2, search
01/Feb/2017:23:35:10, 919, 1120, 1, search
01/Feb/2017:23:35:10, 789, 2240, 2, search
01/Feb/2017:23:35:10, 919, 1110, 1, search
01/Feb/2017:23:35:10, 789, 2230, 2, search
01/Feb/2017:23:35:10, 919, 1110, 1, search
01/Feb/2017:23:35:10, 789, 2230, 2, search
01/Feb/2017:23:35:10, 919, 1130, 1, search
01/Feb/2017:23:35:10, 789, 2210, 2, search
01/Feb/2017:23:35:10, 919, 1140, 1, search
01/Feb/2017:23:35:10, 789, 2245, 2, search
01/Feb/2017:23:35:10, 919, 1110, 1, search
01/Feb/2017:23:35:10, 789, 2240, 2, search
01/Feb/2017:23:35:10, 919, 1140, 1, search
01/Feb/2017:23:35:10, 789, 2250, 2, search
01/Feb/2017:23:35:10, 919, 1140, 1, search
01/Feb/2017:23:35:10, 789, 2240, 2, search
01/Feb/2017:23:35:10, 919, 1130, 1, search
01/Feb/2017:23:35:10, 789, 2240, 2, search
01/Feb/2017:23:35:10, 919, 1150, 1, search
01/Feb/2017:23:35:10, 789, 2240, 2, search
01/Feb/2017:23:35:10, 919, 1130, 1, search
01/Feb/2017:23:35:10, 789, 2235, 2, search
01/Feb/2017:23:35:10, 919, 1130, 1, search
01/Feb/2017:23:35:10, 789, 225, 2, search
01/Feb/2017:23:35:10, 919, 1130, 1, search
01/Feb/2017:23:35:10, 789, 2240, 2, search
01/Feb/2017:23:35:10, 919, 1140, 1, search
01/Feb/2017:23:35:10, 789, 2225, 2, search
01/Feb/2017:23:35:10, 919, 1110, 1, buy
01/Feb/2017:23:35:10, 789, 2225, 2, search
01/Feb/2017:23:35:10, 642, 1120, 1, search
01/Feb/2017:23:35:10, 482, 225, 2, search
01/Feb/2017:23:35:10, 642, 1130, 1, search
01/Feb/2017:23:35:10, 482, 2220, 2, search
01/Feb/2017:23:35:10, 642, 1110, 1, search
01/Feb/2017:23:35:10, 482, 2235, 2, search
01/Feb/2017:23:35:10, 642, 1140, 1, search
01/Feb/2017:23:35:10, 482, 2230, 2, search
01/Feb/2017:23:35:10, 642, 1110, 1, search
01/Feb/2017:23:35:10, 482, 2220, 2, search
01/Feb/2017:23:35:10, 642, 1150, 1, search
01/Feb/2017:23:35:10, 482, 2235, 2, search
01/Feb/2017:23:35:10, 642, 1140, 1, search
01/Feb/2017:23:35:10, 482, 2225, 2, search
01/Feb/2017:23:35:10, 642, 1130, 1, search
01/Feb/2017:23:35:10, 482, 2215, 2, search
01/Feb/2017:23:35:10, 642, 1150, 1, search
01/Feb/2017:23:35:10, 482, 2210, 2, search
01/Feb/2017:23:35:10, 642, 1120, 1, search
01/Feb/2017:23:35:10, 482, 2220, 2, search
01/Feb/2017:23:35:10, 642, 1110, 1, search
01/Feb/2017:23:35:10, 482, 2210, 2, search
01/Feb/2017:23:35:10, 642, 1130, 1, search
01/Feb/2017:23:35:10, 482, 2230, 2, search
01/Feb/2017:23:35:10, 642, 1140, 1, search
01/Feb/2017:23:35:10, 482, 2225, 2, search
01/Feb/2017:23:35:10, 642, 1130, 1, search
01/Feb/2017:23:35:10, 482, 2230, 2, search
01/Feb/2017:23:35:10, 642, 1140, 1, search
01/Feb/2017:23:35:10, 482, 2210, 2, search
01/Feb/2017:23:35:10, 642, 1110, 1, search
01/Feb/2017:23:35:10, 482, 2250, 2, search
01/Feb/2017:23:35:10, 642, 1130, 1, search
01/Feb/2017:23:35:10, 482, 2210, 2, search
01/Feb/2017:23:35:10, 642, 1140, 1, search
01/Feb/2017:23:35:10, 482, 2230, 2, search
01/Feb/2017:23:35:10, 642, 1130, 1, search
01/Feb/2017:23:35:10, 482, 2225, 2, search
01/Feb/2017:23:35:10, 642, 1140, 1, search
01/Feb/2017:23:35:10, 482, 2240, 2, search
01/Feb/2017:23:35:10, 208, 1130, 1, search
01/Feb/2017:23:35:10, 58, 2220, 2, search
01/Feb/2017:23:35:10, 208, 1120, 1, search
01/Feb/2017:23:35:10, 58, 2250, 2, search
01/Feb/2017:23:35:10, 208, 1140, 1, search
01/Feb/2017:23:35:10, 58, 2220, 2, search
01/Feb/2017:23:35:10, 208, 1150, 1, search
01/Feb/2017:23:35:10, 58, 2245, 2, search
01/Feb/2017:23:35:10, 208, 1150, 1, search
01/Feb/2017:23:35:10, 58, 2245, 2, search
01/Feb/2017:23:35:10, 208, 1110, 1, search
01/Feb/2017:23:35:10, 58, 2220, 2, search
01/Feb/2017:23:35:10, 208, 1120, 1, search
01/Feb/2017:23:35:10, 58, 2225, 2, search
01/Feb/2017:23:35:10, 208, 1120, 1, search
01/Feb/2017:23:35:10, 58, 2230, 2, search
01/Feb/2017:23:35:10, 208, 1130, 1, search
01/Feb/2017:23:35:10, 58, 2235, 2, search
01/Feb/2017:23:35:10, 208, 1120, 1, search
01/Feb/2017:23:35:10, 58, 225, 2, search
01/Feb/2017:23:35:10, 208, 1140, 1, search
01/Feb/2017:23:35:10, 58, 2250, 2, search
01/Feb/2017:23:35:10, 208, 1110, 1, search
01/Feb/2017:23:35:10, 58, 2220, 2, search
01/Feb/2017:23:35:10, 208, 1120, 1, search
01/Feb/2017:23:35:10, 58, 2220, 2, search
01/Feb/2017:23:35:10, 208, 1140, 1, buy
01/Feb/2017:23:35:10, 58, 2235, 2, search
01/Feb/2017:23:35:10, 626, 1110, 1, search
01/Feb/2017:23:35:10, 386, 2245, 2, search
01/Feb/2017:23:35:10, 626, 1150, 1, search
01/Feb/2017:23:35:10, 386, 2235, 2, search
01/Feb/2017:23:35:10, 626, 1110, 1, search
01/Feb/2017:23:35:10, 386, 2220, 2, search
01/Feb/2017:23:35:10, 626, 1140, 1, search
01/Feb/2017:23:35:10, 386, 2250, 2, search
01/Feb/2017:23:35:10, 626, 1150, 1, search
01/Feb/2017:23:35:10, 386, 2240, 2, search
01/Feb/2017:23:35:10, 626, 1120, 1, search
01/Feb/2017:23:35:10, 386, 2245, 2, search
01/Feb/2017:23:35:10, 626, 1110, 1, search
01/Feb/2017:23:35:10, 386, 2240, 2, search
01/Feb/2017:23:35:10, 626, 1120, 1, search
01/Feb/2017:23:35:10, 386, 2225, 2, search
01/Feb/2017:23:35:10, 626, 1130, 1, search
01/Feb/2017:23:35:10, 386, 2225, 2, search
01/Feb/2017:23:35:10, 626, 1130, 1, search
01/Feb/2017:23:35:10, 386, 2220, 2, search
01/Feb/2017:23:35:10, 626, 1120, 1, search
01/Feb/2017:23:35:10, 386, 2215, 2, search
01/Feb/2017:23:35:10, 626, 1110, 1, search
01/Feb/2017:23:35:10, 386, 2220, 2, search
01/Feb/2017:23:35:10, 626, 1110, 1, search
01/Feb/2017:23:35:10, 386, 2210, 2, search
01/Feb/2017:23:35:10, 626, 1110, 1, search
01/Feb/2017:23:35:10, 386, 225, 2, buy
01/Feb/2017:23:35:10, 4, 1150, 1, search
01/Feb/2017:23:35:10, 541, 2210, 2, search
01/Feb/2017:23:35:10, 4, 1110, 1, search
01/Feb/2017:23:35:10, 541, 2220, 2, search
01/Feb/2017:23:35:10, 4, 1140, 1, search
01/Feb/2017:23:35:10, 541, 2210, 2, search
01/Feb/2017:23:35:10, 4, 1110, 1, search
01/Feb/2017:23:35:10, 541, 2235, 2, search
01/Feb/2017:23:35:10, 4, 1140, 1, search
01/Feb/2017:23:35:10, 541, 2250, 2, search
01/Feb/2017:23:35:10, 4, 1110, 1, search
01/Feb/2017:23:35:10, 541, 2210, 2, search
01/Feb/2017:23:35:10, 4, 1140, 1, search
01/Feb/2017:23:35:10, 541, 2215, 2, search
01/Feb/2017:23:35:10, 4, 1130, 1, search
01/Feb/2017:23:35:10, 541, 2215, 2, search
01/Feb/2017:23:35:10, 4, 1150, 1, search
01/Feb/2017:23:35:10, 541, 2245, 2, search
01/Feb/2017:23:35:10, 4, 1120, 1, search
01/Feb/2017:23:35:10, 541, 2250, 2, search
01/Feb/2017:23:35:10, 4, 1110, 1, search
01/Feb/2017:23:35:10, 541, 2215, 2, search
01/Feb/2017:23:35:10, 4, 1130, 1, search
01/Feb/2017:23:35:10, 541, 2250, 2, search
01/Feb/2017:23:35:10, 4, 1140, 1, search
01/Feb/2017:23:35:10, 541, 2215, 2, search
01/Feb/2017:23:35:10, 4, 1140, 1, search
01/Feb/2017:23:35:10, 541, 2240, 2, search
01/Feb/2017:23:35:10, 4, 1150, 1, search
01/Feb/2017:23:35:10, 541, 2250, 2, search
01/Feb/2017:23:35:10, 4, 1150, 1, search
01/Feb/2017:23:35:10, 541, 2240, 2, search
01/Feb/2017:23:35:10, 4, 1140, 1, search
01/Feb/2017:23:35:10, 541, 2215, 2, search
01/Feb/2017:23:35:10, 4, 1120, 1, search
01/Feb/2017:23:35:10, 541, 225, 2, search
01/Feb/2017:23:35:10, 4, 1150, 1, search
01/Feb/2017:23:35:10, 541, 2230, 2, search
01/Feb/2017:23:35:10, 4, 1150, 1, search
01/Feb/2017:23:35:10, 541, 2235, 2, search
01/Feb/2017:23:35:10, 753, 1110, 1, search
01/Feb/2017:23:35:10, 113, 2235, 2, search
01/Feb/2017:23:35:10, 753, 1120, 1, search
01/Feb/2017:23:35:10, 113, 2225, 2, search
01/Feb/2017:23:35:10, 753, 1110, 1, buy
01/Feb/2017:23:35:10, 113, 2210, 2, search
01/Feb/2017:23:35:10, 879, 1120, 1, search
01/Feb/2017:23:35:10, 594, 2215, 2, search
01/Feb/2017:23:35:10, 879, 1130, 1, search
01/Feb/2017:23:35:10, 594, 2240, 2, search
01/Feb/2017:23:35:10, 879, 1130, 1, search
01/Feb/2017:23:35:10, 594, 2220, 2, search
01/Feb/2017:23:35:10, 879, 1110, 1, search
01/Feb/2017:23:35:10, 594, 2220, 2, search
01/Feb/2017:23:35:10, 879, 1130, 1, search
01/Feb/2017:23:35:10, 594, 2230, 2, search
01/Feb/2017:23:35:10, 879, 1120, 1, search
01/Feb/2017:23:35:10, 594, 2210, 2, search
01/Feb/2017:23:35:10, 879, 1110, 1, search
01/Feb/2017:23:35:10, 594, 2245, 2, search
01/Feb/2017:23:35:10, 879, 1110, 1, search
01/Feb/2017:23:35:10, 594, 225, 2, search
01/Feb/2017:23:35:10, 879, 1150, 1, search
01/Feb/2017:23:35:10, 594, 225, 2, buy
01/Feb/2017:23:35:10, 426, 1130, 1, search
01/Feb/2017:23:35:10, 453, 2230, 2, search
01/Feb/2017:23:35:10, 426, 1140, 1, search
01/Feb/2017:23:35:10, 453, 2250, 2, search
01/Feb/2017:23:35:10, 426, 1110, 1, search
01/Feb/2017:23:35:10, 453, 2220, 2, search
01/Feb/2017:23:35:10, 426, 1110, 1, search
01/Feb/2017:23:35:10, 453, 225, 2, search
01/Feb/2017:23:35:10, 426, 1120, 1, search
01/Feb/2017:23:35:10, 453, 2215, 2, search
01/Feb/2017:23:35:10, 426, 1150, 1, search
01/Feb/2017:23:35:10, 453, 2245, 2, search
01/Feb/2017:23:35:10, 426, 1150, 1, search
01/Feb/2017:23:35:10, 453, 2235, 2, search
01/Feb/2017:23:35:10, 426, 1140, 1, search
01/Feb/2017:23:35:10, 453, 2250, 2, search
01/Feb/2017:23:35:10, 426, 1130, 1, search
01/Feb/2017:23:35:10, 453, 2210, 2, search
01/Feb/2017:23:35:10, 426, 1140, 1, search
01/Feb/2017:23:35:10, 453, 2210, 2, search
01/Feb/2017:23:35:10, 426, 1140, 1, search
01/Feb/2017:23:35:10, 453, 2240, 2, search
01/Feb/2017:23:35:10, 426, 1150, 1, search
01/Feb/2017:23:35:10, 453, 2240, 2, search
01/Feb/2017:23:35:10, 426, 1120, 1, search
01/Feb/2017:23:35:10, 453, 2245, 2, search
01/Feb/2017:23:35:10, 426, 1130, 1, search
01/Feb/2017:23:35:10, 453, 2220, 2, search
01/Feb/2017:23:35:10, 426, 1110, 1, search
01/Feb/2017:23:35:10, 453, 2250, 2, search
01/Feb/2017:23:35:10, 426, 1110, 1, search
01/Feb/2017:23:35:10, 453, 2210, 2, search
01/Feb/2017:23:35:10, 426, 1120, 1, buy
01/Feb/2017:23:35:10, 453, 2225, 2, search
01/Feb/2017:23:35:10, 30, 1110, 1, search
01/Feb/2017:23:35:10, 376, 2230, 2, search
01/Feb/2017:23:35:10, 30, 1120, 1, search
01/Feb/2017:23:35:10, 376, 2235, 2, search
01/Feb/2017:23:35:10, 30, 1150, 1, search
01/Feb/2017:23:35:10, 376, 2235, 2, search
01/Feb/2017:23:35:10, 30, 1120, 1, search
01/Feb/2017:23:35:10, 376, 2230, 2, search
01/Feb/2017:23:35:10, 30, 1140, 1, search
01/Feb/2017:23:35:10, 376, 2215, 2, search
01/Feb/2017:23:35:10, 30, 1150, 1, buy
01/Feb/2017:23:35:10, 376, 2210, 2, search
01/Feb/2017:23:35:10, 999, 1130, 1, buy
01/Feb/2017:23:35:10, 168, 225, 2, buy
01/Feb/2017:23:35:10, 94, 1120, 1, search
01/Feb/2017:23:35:10, 448, 2240, 2, buy
01/Feb/2017:23:35:10, 841, 1130, 1, search
01/Feb/2017:23:35:10, 803, 2215, 2, search
01/Feb/2017:23:35:10, 841, 1150, 1, buy
01/Feb/2017:23:35:10, 803, 2230, 2, search
01/Feb/2017:23:35:10, 755, 1140, 1, search
01/Feb/2017:23:35:10, 540, 225, 2, search
01/Feb/2017:23:35:10, 755, 1140, 1, search
01/Feb/2017:23:35:10, 540, 2245, 2, search
01/Feb/2017:23:35:10, 755, 1110, 1, search
01/Feb/2017:23:35:10, 540, 2225, 2, search
01/Feb/2017:23:35:10, 755, 1110, 1, search
01/Feb/2017:23:35:10, 540, 2235, 2, search
01/Feb/2017:23:35:10, 755, 1110, 1, search
01/Feb/2017:23:35:10, 540, 2225, 2, search
01/Feb/2017:23:35:10, 755, 1110, 1, search
01/Feb/2017:23:35:10, 540, 2225, 2, search
01/Feb/2017:23:35:10, 755, 1120, 1, search
01/Feb/2017:23:35:10, 540, 2215, 2, search
01/Feb/2017:23:35:10, 755, 1110, 1, search
01/Feb/2017:23:35:10, 540, 2245, 2, search
01/Feb/2017:23:35:10, 755, 1140, 1, search
01/Feb/2017:23:35:10, 540, 2240, 2, search
01/Feb/2017:23:35:10, 755, 1140, 1, search
01/Feb/2017:23:35:10, 540, 2220, 2, search
01/Feb/2017:23:35:10, 755, 1140, 1, search
01/Feb/2017:23:35:10, 540, 225, 2, search
01/Feb/2017:23:35:10, 755, 1110, 1, search
01/Feb/2017:23:35:10, 540, 2235, 2, search
01/Feb/2017:23:35:10, 755, 1130, 1, search
01/Feb/2017:23:35:10, 540, 2235, 2, search
01/Feb/2017:23:35:10, 755, 1130, 1, search
01/Feb/2017:23:35:10, 540, 225, 2, search
01/Feb/2017:23:35:10, 755, 1130, 1, search
01/Feb/2017:23:35:10, 540, 2245, 2, search
01/Feb/2017:23:35:10, 755, 1150, 1, search
01/Feb/2017:23:35:10, 540, 2230, 2, search
01/Feb/2017:23:35:10, 755, 1140, 1, search
01/Feb/2017:23:35:10, 540, 2215, 2, search
01/Feb/2017:23:35:10, 755, 1130, 1, search
01/Feb/2017:23:35:10, 540, 2220, 2, buy
01/Feb/2017:23:35:10, 410, 1140, 1, search
01/Feb/2017:23:35:10, 191, 2225, 2, search
01/Feb/2017:23:35:10, 410, 1130, 1, search
01/Feb/2017:23:35:10, 191, 2220, 2, search
01/Feb/2017:23:35:10, 410, 1150, 1, search
01/Feb/2017:23:35:10, 191, 225, 2, search
01/Feb/2017:23:35:10, 410, 1150, 1, search
01/Feb/2017:23:35:10, 191, 2220, 2, search
01/Feb/2017:23:35:10, 410, 1130, 1, search
01/Feb/2017:23:35:10, 191, 2245, 2, search
01/Feb/2017:23:35:10, 410, 1110, 1, search
01/Feb/2017:23:35:10, 191, 2250, 2, search
01/Feb/2017:23:35:10, 410, 1120, 1, search
01/Feb/2017:23:35:10, 191, 2245, 2, search
01/Feb/2017:23:35:10, 410, 1120, 1, search
01/Feb/2017:23:35:10, 191, 2235, 2, search
01/Feb/2017:23:35:10, 410, 1120, 1, search
01/Feb/2017:23:35:10, 191, 2240, 2, search
01/Feb/2017:23:35:10, 410, 1140, 1, search
01/Feb/2017:23:35:10, 191, 2220, 2, search
01/Feb/2017:23:35:10, 410, 1120, 1, search
01/Feb/2017:23:35:10, 191, 2210, 2, search
01/Feb/2017:23:35:10, 410, 1150, 1, search
01/Feb/2017:23:35:10, 191, 2230, 2, search
01/Feb/2017:23:35:10, 410, 1130, 1, search
01/Feb/2017:23:35:10, 191, 2220, 2, search
01/Feb/2017:23:35:10, 410, 1130, 1, search
01/Feb/2017:23:35:10, 191, 225, 2, search
01/Feb/2017:23:35:10, 410, 1110, 1, search
01/Feb/2017:23:35:10, 191, 2235, 2, search
01/Feb/2017:23:35:10, 410, 1140, 1, search
01/Feb/2017:23:35:10, 191, 225, 2, search
01/Feb/2017:23:35:10, 410, 1150, 1, search
01/Feb/2017:23:35:10, 191, 2215, 2, search
01/Feb/2017:23:35:10, 410, 1150, 1, search
01/Feb/2017:23:35:10, 191, 2210, 2, search
01/Feb/2017:23:35:10, 410, 1110, 1, search
01/Feb/2017:23:35:10, 191, 2235, 2, search
01/Feb/2017:23:35:10, 410, 1140, 1, search
01/Feb/2017:23:35:10, 191, 225, 2, search
01/Feb/2017:23:35:10, 536, 1140, 1, search
01/Feb/2017:23:35:10, 178, 2220, 2, search
01/Feb/2017:23:35:10, 536, 1140, 1, search
01/Feb/2017:23:35:10, 178, 2210, 2, search
01/Feb/2017:23:35:10, 536, 1130, 1, search
01/Feb/2017:23:35:10, 178, 2230, 2, search
01/Feb/2017:23:35:10, 536, 1120, 1, search
01/Feb/2017:23:35:10, 178, 2235, 2, search
01/Feb/2017:23:35:10, 536, 1130, 1, search
01/Feb/2017:23:35:10, 178, 2210, 2, search
01/Feb/2017:23:35:10, 536, 1130, 1, search
01/Feb/2017:23:35:10, 178, 2225, 2, search
01/Feb/2017:23:35:10, 536, 1110, 1, search
01/Feb/2017:23:35:10, 178, 2250, 2, search
01/Feb/2017:23:35:10, 536, 1130, 1, search
01/Feb/2017:23:35:10, 178, 2215, 2, search
01/Feb/2017:23:35:10, 536, 1120, 1, search
01/Feb/2017:23:35:10, 178, 2250, 2, search
01/Feb/2017:23:35:10, 536, 1120, 1, search
01/Feb/2017:23:35:10, 178, 2235, 2, search
01/Feb/2017:23:35:10, 536, 1130, 1, search
01/Feb/2017:23:35:10, 178, 2235, 2, search
01/Feb/2017:23:35:10, 536, 1130, 1, search
01/Feb/2017:23:35:10, 178, 225, 2, search
01/Feb/2017:23:35:10, 536, 1140, 1, search
01/Feb/2017:23:35:10, 178, 2235, 2, search
01/Feb/2017:23:35:10, 536, 1120, 1, search
01/Feb/2017:23:35:10, 178, 2230, 2, search
01/Feb/2017:23:35:10, 536, 1110, 1, search
01/Feb/2017:23:35:10, 178, 2240, 2, search
01/Feb/2017:23:35:10, 536, 1110, 1, search
01/Feb/2017:23:35:10, 178, 2230, 2, search
01/Feb/2017:23:35:10, 536, 1120, 1, buy
01/Feb/2017:23:35:10, 178, 2220, 2, search
01/Feb/2017:23:35:10, 548, 1150, 1, search
01/Feb/2017:23:35:10, 705, 2235, 2, search
01/Feb/2017:23:35:10, 548, 1120, 1, search
01/Feb/2017:23:35:10, 705, 2215, 2, search
01/Feb/2017:23:35:10, 548, 1140, 1, search
01/Feb/2017:23:35:10, 705, 2235, 2, search
01/Feb/2017:23:35:10, 548, 1140, 1, search
01/Feb/2017:23:35:10, 705, 2210, 2, search
01/Feb/2017:23:35:10, 548, 1120, 1, buy
01/Feb/2017:23:35:10, 705, 2240, 2, search
01/Feb/2017:23:35:10, 158, 1110, 1, search
01/Feb/2017:23:35:10, 747, 2225, 2, search
01/Feb/2017:23:35:10, 158, 1120, 1, search
01/Feb/2017:23:35:10, 747, 2240, 2, search
01/Feb/2017:23:35:10, 158, 1120, 1, buy
01/Feb/2017:23:35:10, 747, 2210, 2, search
01/Feb/2017:23:35:10, 407, 1150, 1, search
01/Feb/2017:23:35:10, 279, 2250, 2, search
01/Feb/2017:23:35:10, 407, 1110, 1, search
01/Feb/2017:23:35:10, 279, 2215, 2, search
01/Feb/2017:23:35:10, 407, 1110, 1, search
01/Feb/2017:23:35:10, 279, 2215, 2, search
01/Feb/2017:23:35:10, 407, 1120, 1, search
01/Feb/2017:23:35:10, 279, 2225, 2, search
01/Feb/2017:23:35:10, 407, 1110, 1, buy
01/Feb/2017:23:35:10, 279, 2220, 2, search
01/Feb/2017:23:35:10, 231, 1150, 1, search
01/Feb/2017:23:35:10, 340, 2220, 2, search
01/Feb/2017:23:35:10, 231, 1130, 1, search
01/Feb/2017:23:35:10, 340, 2250, 2, search
01/Feb/2017:23:35:10, 231, 1120, 1, search
01/Feb/2017:23:35:10, 340, 2220, 2, search
01/Feb/2017:23:35:10, 231, 1140, 1, search
01/Feb/2017:23:35:10, 340, 2220, 2, search
01/Feb/2017:23:35:10, 231, 1120, 1, search
01/Feb/2017:23:35:10, 340, 2220, 2, search
01/Feb/2017:23:35:10, 231, 1130, 1, search
01/Feb/2017:23:35:10, 340, 2245, 2, search
01/Feb/2017:23:35:10, 231, 1120, 1, search
01/Feb/2017:23:35:10, 340, 2250, 2, search
01/Feb/2017:23:35:10, 231, 1130, 1, search
01/Feb/2017:23:35:10, 340, 225, 2, search
01/Feb/2017:23:35:10, 231, 1150, 1, search
01/Feb/2017:23:35:10, 340, 2225, 2, search
01/Feb/2017:23:35:10, 231, 1150, 1, search
01/Feb/2017:23:35:10, 340, 2230, 2, search
01/Feb/2017:23:35:10, 231, 1120, 1, search
01/Feb/2017:23:35:10, 340, 2240, 2, search
01/Feb/2017:23:35:10, 231, 1120, 1, search
01/Feb/2017:23:35:10, 340, 2215, 2, search
01/Feb/2017:23:35:10, 231, 1120, 1, search
01/Feb/2017:23:35:10, 340, 2210, 2, search
01/Feb/2017:23:35:10, 231, 1110, 1, search
01/Feb/2017:23:35:10, 340, 2215, 2, search
01/Feb/2017:23:35:10, 231, 1130, 1, search
01/Feb/2017:23:35:10, 340, 2240, 2, search
01/Feb/2017:23:35:10, 231, 1150, 1, search
01/Feb/2017:23:35:10, 340, 2225, 2, search
01/Feb/2017:23:35:10, 231, 1130, 1, search
01/Feb/2017:23:35:10, 340, 2230, 2, search
01/Feb/2017:23:35:10, 231, 1150, 1, search
01/Feb/2017:23:35:10, 340, 2225, 2, search
01/Feb/2017:23:35:10, 231, 1120, 1, search
01/Feb/2017:23:35:10, 340, 2210, 2, search
01/Feb/2017:23:35:10, 231, 1150, 1, search
01/Feb/2017:23:35:10, 340, 2215, 2, search
01/Feb/2017:23:35:10, 260, 1120, 1, search
01/Feb/2017:23:35:10, 319, 2220, 2, search
01/Feb/2017:23:35:10, 260, 1130, 1, search
01/Feb/2017:23:35:10, 319, 2225, 2, search
01/Feb/2017:23:35:10, 260, 1150, 1, search
01/Feb/2017:23:35:10, 319, 2250, 2, search
01/Feb/2017:23:35:10, 260, 1150, 1, search
01/Feb/2017:23:35:10, 319, 2210, 2, search
01/Feb/2017:23:35:10, 260, 1120, 1, search
01/Feb/2017:23:35:10, 319, 2250, 2, search
01/Feb/2017:23:35:10, 260, 1130, 1, search
01/Feb/2017:23:35:10, 319, 2225, 2, search
01/Feb/2017:23:35:10, 260, 1130, 1, search
01/Feb/2017:23:35:10, 319, 2250, 2, search
01/Feb/2017:23:35:10, 260, 1120, 1, search
01/Feb/2017:23:35:10, 319, 2215, 2, search
01/Feb/2017:23:35:10, 260, 1140, 1, search
01/Feb/2017:23:35:10, 319, 2225, 2, search
01/Feb/2017:23:35:10, 260, 1110, 1, search
01/Feb/2017:23:35:10, 319, 2250, 2, search
01/Feb/2017:23:35:10, 260, 1110, 1, search
01/Feb/2017:23:35:10, 319, 2210, 2, search
01/Feb/2017:23:35:10, 260, 1130, 1, search
01/Feb/2017:23:35:10, 319, 2220, 2, search
01/Feb/2017:23:35:10, 260, 1130, 1, search
01/Feb/2017:23:35:10, 319, 2220, 2, search
01/Feb/2017:23:35:10, 260, 1140, 1, search
01/Feb/2017:23:35:10, 319, 2230, 2, search
01/Feb/2017:23:35:10, 260, 1140, 1, search
01/Feb/2017:23:35:10, 319, 2215, 2, search
01/Feb/2017:23:35:10, 260, 1120, 1, search
01/Feb/2017:23:35:10, 319, 2240, 2, search
01/Feb/2017:23:35:10, 260, 1130, 1, buy
01/Feb/2017:23:35:10, 319, 2240, 2, buy
01/Feb/2017:23:35:10, 683, 1140, 1, search
01/Feb/2017:23:35:10, 605, 2220, 2, search
01/Feb/2017:23:35:10, 683, 1120, 1, search
01/Feb/2017:23:35:10, 605, 2235, 2, search
01/Feb/2017:23:35:10, 683, 1120, 1, search
01/Feb/2017:23:35:10, 605, 2245, 2, search
01/Feb/2017:23:35:10, 683, 1140, 1, search
01/Feb/2017:23:35:10, 605, 2250, 2, search
01/Feb/2017:23:35:10, 683, 1150, 1, search
01/Feb/2017:23:35:10, 605, 2220, 2, search
01/Feb/2017:23:35:10, 683, 1120, 1, search
01/Feb/2017:23:35:10, 605, 225, 2, search
01/Feb/2017:23:35:10, 683, 1150, 1, search
01/Feb/2017:23:35:10, 605, 2250, 2, search
01/Feb/2017:23:35:10, 683, 1130, 1, search
01/Feb/2017:23:35:10, 605, 2245, 2, search
01/Feb/2017:23:35:10, 683, 1150, 1, buy
01/Feb/2017:23:35:10, 605, 2215, 2, search
01/Feb/2017:23:35:10, 297, 1110, 1, search
01/Feb/2017:23:35:10, 679, 2220, 2, search
01/Feb/2017:23:35:10, 297, 1140, 1, search
01/Feb/2017:23:35:10, 679, 2210, 2, search
01/Feb/2017:23:35:10, 297, 1150, 1, search
01/Feb/2017:23:35:10, 679, 2225, 2, search
01/Feb/2017:23:35:10, 297, 1150, 1, search
01/Feb/2017:23:35:10, 679, 2225, 2, search
01/Feb/2017:23:35:10, 297, 1150, 1, search
01/Feb/2017:23:35:10, 679, 2210, 2, search
01/Feb/2017:23:35:10, 297, 1150, 1, search
01/Feb/2017:23:35:10, 679, 2225, 2, search
01/Feb/2017:23:35:10, 297, 1140, 1, search
01/Feb/2017:23:35:10, 679, 2240, 2, search
01/Feb/2017:23:35:10, 297, 1110, 1, search
01/Feb/2017:23:35:10, 679, 2220, 2, search
01/Feb/2017:23:35:10, 297, 1140, 1, search
01/Feb/2017:23:35:10, 679, 2220, 2, search
01/Feb/2017:23:35:10, 297, 1120, 1, search
01/Feb/2017:23:35:10, 679, 2240, 2, search
01/Feb/2017:23:35:10, 297, 1140, 1, search
01/Feb/2017:23:35:10, 679, 2220, 2, search
01/Feb/2017:23:35:10, 297, 1130, 1, search
01/Feb/2017:23:35:10, 679, 2240, 2, buy
01/Feb/2017:23:35:10, 705, 1110, 1, search
01/Feb/2017:23:35:10, 661, 2235, 2, search
01/Feb/2017:23:35:10, 705, 1130, 1, search
01/Feb/2017:23:35:10, 661, 2250, 2, search
01/Feb/2017:23:35:10, 705, 1140, 1, search
01/Feb/2017:23:35:10, 661, 2230, 2, search
01/Feb/2017:23:35:10, 705, 1110, 1, search
01/Feb/2017:23:35:10, 661, 2210, 2, search
01/Feb/2017:23:35:10, 705, 1110, 1, search
01/Feb/2017:23:35:10, 661, 2220, 2, buy
01/Feb/2017:23:35:10, 676, 1140, 1, search
01/Feb/2017:23:35:10, 630, 2210, 2, search
01/Feb/2017:23:35:10, 676, 1120, 1, search
01/Feb/2017:23:35:10, 630, 2225, 2, search
01/Feb/2017:23:35:10, 676, 1120, 1, search
01/Feb/2017:23:35:10, 630, 2235, 2, buy
01/Feb/2017:23:35:10, 688, 1120, 1, search
01/Feb/2017:23:35:10, 984, 2230, 2, search
01/Feb/2017:23:35:10, 688, 1110, 1, search
01/Feb/2017:23:35:10, 984, 2225, 2, search
01/Feb/2017:23:35:10, 688, 1120, 1, search
01/Feb/2017:23:35:10, 984, 225, 2, search
01/Feb/2017:23:35:10, 688, 1140, 1, search
01/Feb/2017:23:35:10, 984, 2250, 2, search
01/Feb/2017:23:35:10, 688, 1110, 1, search
01/Feb/2017:23:35:10, 984, 2210, 2, search
01/Feb/2017:23:35:10, 688, 1130, 1, search
01/Feb/2017:23:35:10, 984, 2245, 2, search
01/Feb/2017:23:35:10, 688, 1120, 1, search
01/Feb/2017:23:35:10, 984, 2220, 2, search
01/Feb/2017:23:35:10, 688, 1110, 1, search
01/Feb/2017:23:35:10, 984, 2220, 2, search
01/Feb/2017:23:35:10, 688, 1140, 1, search
01/Feb/2017:23:35:10, 984, 2230, 2, search
01/Feb/2017:23:35:10, 688, 1150, 1, search
01/Feb/2017:23:35:10, 984, 2245, 2, search
01/Feb/2017:23:35:10, 688, 1130, 1, search
01/Feb/2017:23:35:10, 984, 2220, 2, search
01/Feb/2017:23:35:10, 688, 1130, 1, search
01/Feb/2017:23:35:10, 984, 2230, 2, search
01/Feb/2017:23:35:10, 688, 1130, 1, search
01/Feb/2017:23:35:10, 984, 2245, 2, search
01/Feb/2017:23:35:10, 688, 1150, 1, buy
01/Feb/2017:23:35:10, 984, 2245, 2, search
01/Feb/2017:23:35:10, 794, 1110, 1, search
01/Feb/2017:23:35:10, 681, 2240, 2, search
01/Feb/2017:23:35:10, 794, 1110, 1, buy
01/Feb/2017:23:35:10, 681, 2215, 2, search
01/Feb/2017:23:35:10, 434, 1140, 1, search
01/Feb/2017:23:35:10, 308, 2220, 2, search
01/Feb/2017:23:35:10, 434, 1140, 1, search
01/Feb/2017:23:35:10, 308, 2240, 2, search
01/Feb/2017:23:35:10, 434, 1140, 1, buy
01/Feb/2017:23:35:10, 308, 2210, 2, search
01/Feb/2017:23:35:10, 846, 1110, 1, search
01/Feb/2017:23:35:10, 362, 2215, 2, search
01/Feb/2017:23:35:10, 846, 1110, 1, search
01/Feb/2017:23:35:10, 362, 2215, 2, search
01/Feb/2017:23:35:10, 846, 1120, 1, search
01/Feb/2017:23:35:10, 362, 2210, 2, search
01/Feb/2017:23:35:10, 846, 1120, 1, search
01/Feb/2017:23:35:10, 362, 2215, 2, search
01/Feb/2017:23:35:10, 846, 1140, 1, search
01/Feb/2017:23:35:10, 362, 2210, 2, search
01/Feb/2017:23:35:10, 846, 1140, 1, search
01/Feb/2017:23:35:10, 362, 2215, 2, search
01/Feb/2017:23:35:10, 846, 1110, 1, search
01/Feb/2017:23:35:10, 362, 2240, 2, search
01/Feb/2017:23:35:10, 846, 1110, 1, search
01/Feb/2017:23:35:10, 362, 2240, 2, search
01/Feb/2017:23:35:10, 846, 1140, 1, search
01/Feb/2017:23:35:10, 362, 2235, 2, search
01/Feb/2017:23:35:10, 846, 1140, 1, search
01/Feb/2017:23:35:10, 362, 2245, 2, search
01/Feb/2017:23:35:10, 846, 1140, 1, search
01/Feb/2017:23:35:10, 362, 2210, 2, search
01/Feb/2017:23:35:10, 846, 1130, 1, search
01/Feb/2017:23:35:10, 362, 2240, 2, search
01/Feb/2017:23:35:10, 846, 1140, 1, search
01/Feb/2017:23:35:10, 362, 2210, 2, search
01/Feb/2017:23:35:10, 846, 1150, 1, search
01/Feb/2017:23:35:10, 362, 2210, 2, search
01/Feb/2017:23:35:10, 846, 1130, 1, search
01/Feb/2017:23:35:10, 362, 2215, 2, search
01/Feb/2017:23:35:10, 846, 1140, 1, search
01/Feb/2017:23:35:10, 362, 2250, 2, search
01/Feb/2017:23:35:10, 846, 1120, 1, search
01/Feb/2017:23:35:10, 362, 225, 2, search
01/Feb/2017:23:35:10, 846, 1130, 1, search
01/Feb/2017:23:35:10, 362, 2240, 2, search
01/Feb/2017:23:35:10, 846, 1130, 1, search
01/Feb/2017:23:35:10, 362, 2245, 2, search
01/Feb/2017:23:35:10, 846, 1140, 1, search
01/Feb/2017:23:35:10, 362, 2210, 2, search
01/Feb/2017:23:35:10, 612, 1120, 1, search
01/Feb/2017:23:35:10, 372, 2220, 2, search
01/Feb/2017:23:35:10, 612, 1120, 1, search
01/Feb/2017:23:35:10, 372, 2230, 2, search
01/Feb/2017:23:35:10, 612, 1140, 1, search
01/Feb/2017:23:35:10, 372, 225, 2, search
01/Feb/2017:23:35:10, 612, 1130, 1, search
01/Feb/2017:23:35:10, 372, 2230, 2, search
01/Feb/2017:23:35:10, 612, 1130, 1, search
01/Feb/2017:23:35:10, 372, 2235, 2, search
01/Feb/2017:23:35:10, 612, 1140, 1, search
01/Feb/2017:23:35:10, 372, 225, 2, search
01/Feb/2017:23:35:10, 612, 1150, 1, search
01/Feb/2017:23:35:10, 372, 2250, 2, search
01/Feb/2017:23:35:10, 612, 1140, 1, search
01/Feb/2017:23:35:10, 372, 225, 2, buy
01/Feb/2017:23:35:10, 759, 1120, 1, buy
01/Feb/2017:23:35:10, 415, 2215, 2, search
01/Feb/2017:23:35:10, 847, 1140, 1, search
01/Feb/2017:23:35:10, 861, 2235, 2, search
01/Feb/2017:23:35:10, 847, 1120, 1, search
01/Feb/2017:23:35:10, 861, 2240, 2, search
01/Feb/2017:23:35:10, 847, 1150, 1, search
01/Feb/2017:23:35:10, 861, 2225, 2, search
01/Feb/2017:23:35:10, 847, 1150, 1, search
01/Feb/2017:23:35:10, 861, 2210, 2, search
01/Feb/2017:23:35:10, 847, 1150, 1, search
01/Feb/2017:23:35:10, 861, 2235, 2, search
01/Feb/2017:23:35:10, 847, 1150, 1, search
01/Feb/2017:23:35:10, 861, 2235, 2, search
01/Feb/2017:23:35:10, 847, 1150, 1, search
01/Feb/2017:23:35:10, 861, 2240, 2, buy
01/Feb/2017:23:35:10, 1000, 1120, 1, search
01/Feb/2017:23:35:10, 206, 2250, 2, search
01/Feb/2017:23:35:10, 1000, 1140, 1, search
01/Feb/2017:23:35:10, 206, 225, 2, search
01/Feb/2017:23:35:10, 1000, 1130, 1, search
01/Feb/2017:23:35:10, 206, 225, 2, search
01/Feb/2017:23:35:10, 1000, 1140, 1, search
01/Feb/2017:23:35:10, 206, 2230, 2, search
01/Feb/2017:23:35:10, 1000, 1120, 1, search
01/Feb/2017:23:35:10, 206, 2220, 2, search
01/Feb/2017:23:35:10, 1000, 1120, 1, search
01/Feb/2017:23:35:10, 206, 2250, 2, search
01/Feb/2017:23:35:10, 1000, 1110, 1, search
01/Feb/2017:23:35:10, 206, 2230, 2, search
01/Feb/2017:23:35:10, 1000, 1130, 1, search
01/Feb/2017:23:35:10, 206, 2215, 2, buy
01/Feb/2017:23:35:10, 448, 1130, 1, search
01/Feb/2017:23:35:10, 545, 2220, 2, search
01/Feb/2017:23:35:10, 448, 1110, 1, search
01/Feb/2017:23:35:10, 545, 2240, 2, buy
01/Feb/2017:23:35:10, 159, 1120, 1, search
01/Feb/2017:23:35:10, 791, 2230, 2, search
01/Feb/2017:23:35:10, 159, 1120, 1, search
01/Feb/2017:23:35:10, 791, 225, 2, search
01/Feb/2017:23:35:10, 159, 1140, 1, buy
01/Feb/2017:23:35:10, 791, 2240, 2, search
01/Feb/2017:23:35:10, 841, 1150, 1, search
01/Feb/2017:23:35:10, 803, 2225, 2, search
01/Feb/2017:23:35:10, 841, 1140, 1, buy
01/Feb/2017:23:35:10, 803, 2240, 2, search
01/Feb/2017:23:35:10, 542, 1130, 1, search
01/Feb/2017:23:35:10, 917, 2215, 2, search
01/Feb/2017:23:35:10, 542, 1120, 1, search
01/Feb/2017:23:35:10, 917, 2225, 2, search
01/Feb/2017:23:35:10, 542, 1150, 1, search
01/Feb/2017:23:35:10, 917, 2230, 2, search
01/Feb/2017:23:35:10, 542, 1120, 1, search
01/Feb/2017:23:35:10, 917, 2245, 2, search
01/Feb/2017:23:35:10, 542, 1110, 1, buy
01/Feb/2017:23:35:10, 917, 2245, 2, buy
01/Feb/2017:23:35:10, 836, 1150, 1, search
01/Feb/2017:23:35:10, 865, 2220, 2, search
01/Feb/2017:23:35:10, 836, 1150, 1, search
01/Feb/2017:23:35:10, 865, 2215, 2, search
01/Feb/2017:23:35:10, 836, 1110, 1, search
01/Feb/2017:23:35:10, 865, 2230, 2, search
01/Feb/2017:23:35:10, 836, 1140, 1, search
01/Feb/2017:23:35:10, 865, 2240, 2, search
01/Feb/2017:23:35:10, 836, 1150, 1, search
01/Feb/2017:23:35:10, 865, 2225, 2, search
01/Feb/2017:23:35:10, 836, 1110, 1, search
01/Feb/2017:23:35:10, 865, 2240, 2, search
01/Feb/2017:23:35:10, 836, 1120, 1, search
01/Feb/2017:23:35:10, 865, 2210, 2, search
01/Feb/2017:23:35:10, 836, 1140, 1, search
01/Feb/2017:23:35:10, 865, 2225, 2, search
01/Feb/2017:23:35:10, 836, 1120, 1, buy
01/Feb/2017:23:35:10, 865, 2230, 2, buy
01/Feb/2017:23:35:10, 507, 1110, 1, search
01/Feb/2017:23:35:10, 393, 2215, 2, search
01/Feb/2017:23:35:10, 507, 1150, 1, search
01/Feb/2017:23:35:10, 393, 2235, 2, search
01/Feb/2017:23:35:10, 507, 1130, 1, search
01/Feb/2017:23:35:10, 393, 2220, 2, search
01/Feb/2017:23:35:10, 507, 1120, 1, search
01/Feb/2017:23:35:10, 393, 2210, 2, search
01/Feb/2017:23:35:10, 507, 1150, 1, search
01/Feb/2017:23:35:10, 393, 2215, 2, search
01/Feb/2017:23:35:10, 507, 1130, 1, search
01/Feb/2017:23:35:10, 393, 2250, 2, search
01/Feb/2017:23:35:10, 507, 1120, 1, buy
01/Feb/2017:23:35:10, 393, 225, 2, search
01/Feb/2017:23:35:10, 334, 1120, 1, search
01/Feb/2017:23:35:10, 971, 2220, 2, search
01/Feb/2017:23:35:10, 334, 1150, 1, search
01/Feb/2017:23:35:10, 971, 2240, 2, buy
01/Feb/2017:23:35:10, 839, 1120, 1, search
01/Feb/2017:23:35:10, 422, 2225, 2, search
01/Feb/2017:23:35:10, 839, 1130, 1, search
01/Feb/2017:23:35:10, 422, 2245, 2, search
01/Feb/2017:23:35:10, 839, 1150, 1, search
01/Feb/2017:23:35:10, 422, 2250, 2, search
01/Feb/2017:23:35:10, 839, 1150, 1, search
01/Feb/2017:23:35:10, 422, 2210, 2, search
01/Feb/2017:23:35:10, 839, 1110, 1, search
01/Feb/2017:23:35:10, 422, 2215, 2, search
01/Feb/2017:23:35:10, 839, 1130, 1, search
01/Feb/2017:23:35:10, 422, 2220, 2, search
01/Feb/2017:23:35:10, 839, 1130, 1, search
01/Feb/2017:23:35:10, 422, 2250, 2, search
01/Feb/2017:23:35:10, 839, 1130, 1, buy
01/Feb/2017:23:35:10, 422, 2245, 2, buy
01/Feb/2017:23:35:10, 311, 1120, 1, search
01/Feb/2017:23:35:10, 348, 225, 2, search
01/Feb/2017:23:35:10, 311, 1140, 1, search
01/Feb/2017:23:35:10, 348, 2235, 2, search
01/Feb/2017:23:35:10, 311, 1150, 1, search
01/Feb/2017:23:35:10, 348, 2225, 2, search
01/Feb/2017:23:35:10, 311, 1120, 1, search
01/Feb/2017:23:35:10, 348, 2240, 2, search
01/Feb/2017:23:35:10, 311, 1150, 1, search
01/Feb/2017:23:35:10, 348, 2210, 2, search
01/Feb/2017:23:35:10, 311, 1150, 1, search
01/Feb/2017:23:35:10, 348, 2245, 2, search
01/Feb/2017:23:35:10, 311, 1120, 1, search
01/Feb/2017:23:35:10, 348, 2210, 2, search
01/Feb/2017:23:35:10, 311, 1140, 1, search
01/Feb/2017:23:35:10, 348, 2250, 2, search
01/Feb/2017:23:35:10, 311, 1140, 1, search
01/Feb/2017:23:35:10, 348, 2215, 2, search
01/Feb/2017:23:35:10, 311, 1140, 1, search
01/Feb/2017:23:35:10, 348, 2240, 2, search
01/Feb/2017:23:35:10, 311, 1140, 1, search
01/Feb/2017:23:35:10, 348, 2230, 2, search
01/Feb/2017:23:35:10, 311, 1150, 1, search
01/Feb/2017:23:35:10, 348, 2225, 2, buy
01/Feb/2017:23:35:10, 593, 1130, 1, search
01/Feb/2017:23:35:10, 580, 2240, 2, search
01/Feb/2017:23:35:10, 593, 1150, 1, search
01/Feb/2017:23:35:10, 580, 2225, 2, search
01/Feb/2017:23:35:10, 593, 1120, 1, search
01/Feb/2017:23:35:10, 580, 2220, 2, search
01/Feb/2017:23:35:10, 593, 1130, 1, search
01/Feb/2017:23:35:10, 580, 2215, 2, search
01/Feb/2017:23:35:10, 593, 1120, 1, search
01/Feb/2017:23:35:10, 580, 2225, 2, search
01/Feb/2017:23:35:10, 593, 1130, 1, search
01/Feb/2017:23:35:10, 580, 2220, 2, buy
01/Feb/2017:23:35:10, 567, 1110, 1, search
01/Feb/2017:23:35:10, 400, 2210, 2, search
01/Feb/2017:23:35:10, 567, 1150, 1, search
01/Feb/2017:23:35:10, 400, 2245, 2, search
01/Feb/2017:23:35:10, 567, 1140, 1, search
01/Feb/2017:23:35:10, 400, 2245, 2, search
01/Feb/2017:23:35:10, 567, 1120, 1, search
01/Feb/2017:23:35:10, 400, 2235, 2, search
01/Feb/2017:23:35:10, 567, 1110, 1, search
01/Feb/2017:23:35:10, 400, 225, 2, search
01/Feb/2017:23:35:10, 567, 1150, 1, search
01/Feb/2017:23:35:10, 400, 2215, 2, search
01/Feb/2017:23:35:10, 567, 1110, 1, search
01/Feb/2017:23:35:10, 400, 2235, 2, search
01/Feb/2017:23:35:10, 567, 1120, 1, search
01/Feb/2017:23:35:10, 400, 2235, 2, search
01/Feb/2017:23:35:10, 567, 1130, 1, search
01/Feb/2017:23:35:10, 400, 2225, 2, search
01/Feb/2017:23:35:10, 567, 1130, 1, search
01/Feb/2017:23:35:10, 400, 2225, 2, search
01/Feb/2017:23:35:10, 567, 1120, 1, search
01/Feb/2017:23:35:10, 400, 2230, 2, search
01/Feb/2017:23:35:10, 567, 1130, 1, search
01/Feb/2017:23:35:10, 400, 225, 2, search
01/Feb/2017:23:35:10, 567, 1150, 1, search
01/Feb/2017:23:35:10, 400, 2220, 2, search
01/Feb/2017:23:35:10, 567, 1110, 1, search
01/Feb/2017:23:35:10, 400, 2240, 2, search
01/Feb/2017:23:35:10, 567, 1110, 1, search
01/Feb/2017:23:35:10, 400, 2215, 2, search
01/Feb/2017:23:35:10, 567, 1140, 1, search
01/Feb/2017:23:35:10, 400, 2245, 2, search
01/Feb/2017:23:35:10, 567, 1140, 1, search
01/Feb/2017:23:35:10, 400, 2240, 2, search
01/Feb/2017:23:35:10, 567, 1150, 1, search
01/Feb/2017:23:35:10, 400, 2240, 2, search
01/Feb/2017:23:35:10, 567, 1140, 1, search
01/Feb/2017:23:35:10, 400, 2240, 2, search
01/Feb/2017:23:35:10, 567, 1140, 1, search
01/Feb/2017:23:35:10, 400, 225, 2, search
01/Feb/2017:23:35:10, 262, 1120, 1, search
01/Feb/2017:23:35:10, 268, 2250, 2, search
01/Feb/2017:23:35:10, 262, 1110, 1, search
01/Feb/2017:23:35:10, 268, 2240, 2, search
01/Feb/2017:23:35:10, 262, 1130, 1, buy
01/Feb/2017:23:35:10, 268, 2250, 2, search
01/Feb/2017:23:35:10, 167, 1110, 1, search
01/Feb/2017:23:35:10, 50, 2210, 2, buy
01/Feb/2017:23:35:10, 901, 1150, 1, search
01/Feb/2017:23:35:10, 555, 2225, 2, search
01/Feb/2017:23:35:10, 901, 1150, 1, search
01/Feb/2017:23:35:10, 555, 2250, 2, search
01/Feb/2017:23:35:10, 901, 1130, 1, search
01/Feb/2017:23:35:10, 555, 2245, 2, search
01/Feb/2017:23:35:10, 901, 1130, 1, search
01/Feb/2017:23:35:10, 555, 2230, 2, search
01/Feb/2017:23:35:10, 901, 1130, 1, search
01/Feb/2017:23:35:10, 555, 2245, 2, buy
01/Feb/2017:23:35:10, 957, 1150, 1, search
01/Feb/2017:23:35:10, 832, 2240, 2, search
01/Feb/2017:23:35:10, 957, 1120, 1, search
01/Feb/2017:23:35:10, 832, 2210, 2, search
01/Feb/2017:23:35:10, 957, 1130, 1, search
01/Feb/2017:23:35:10, 832, 2240, 2, search
01/Feb/2017:23:35:10, 957, 1130, 1, search
01/Feb/2017:23:35:10, 832, 225, 2, buy
01/Feb/2017:23:35:10, 317, 1110, 1, search
01/Feb/2017:23:35:10, 699, 2220, 2, search
01/Feb/2017:23:35:10, 317, 1140, 1, search
01/Feb/2017:23:35:10, 699, 2225, 2, buy
01/Feb/2017:23:35:10, 438, 1130, 1, search
01/Feb/2017:23:35:10, 24, 225, 2, search
01/Feb/2017:23:35:10, 438, 1130, 1, search
01/Feb/2017:23:35:10, 24, 2245, 2, search
01/Feb/2017:23:35:10, 438, 1130, 1, search
01/Feb/2017:23:35:10, 24, 2225, 2, search
01/Feb/2017:23:35:10, 438, 1150, 1, search
01/Feb/2017:23:35:10, 24, 2225, 2, search
01/Feb/2017:23:35:10, 438, 1110, 1, search
01/Feb/2017:23:35:10, 24, 2215, 2, search
01/Feb/2017:23:35:10, 438, 1150, 1, search
01/Feb/2017:23:35:10, 24, 2225, 2, search
01/Feb/2017:23:35:10, 438, 1150, 1, search
01/Feb/2017:23:35:10, 24, 2245, 2, search
01/Feb/2017:23:35:10, 438, 1110, 1, buy
01/Feb/2017:23:35:10, 24, 2215, 2, search
01/Feb/2017:23:35:10, 411, 1150, 1, search
01/Feb/2017:23:35:10, 964, 2210, 2, search
01/Feb/2017:23:35:10, 411, 1130, 1, search
01/Feb/2017:23:35:10, 964, 2245, 2, search
01/Feb/2017:23:35:10, 411, 1150, 1, buy
01/Feb/2017:23:35:10, 964, 2220, 2, search
01/Feb/2017:23:35:10, 788, 1130, 1, search
01/Feb/2017:23:35:10, 230, 2220, 2, search
01/Feb/2017:23:35:10, 788, 1120, 1, search
01/Feb/2017:23:35:10, 230, 2240, 2, search
01/Feb/2017:23:35:10, 788, 1140, 1, search
01/Feb/2017:23:35:10, 230, 2215, 2, search
01/Feb/2017:23:35:10, 788, 1110, 1, search
01/Feb/2017:23:35:10, 230, 2220, 2, search
01/Feb/2017:23:35:10, 788, 1110, 1, search
01/Feb/2017:23:35:10, 230, 2210, 2, search
01/Feb/2017:23:35:10, 788, 1130, 1, search
01/Feb/2017:23:35:10, 230, 2215, 2, search
01/Feb/2017:23:35:10, 788, 1120, 1, search
01/Feb/2017:23:35:10, 230, 2225, 2, buy
01/Feb/2017:23:35:10, 177, 1150, 1, search
01/Feb/2017:23:35:10, 244, 2210, 2, search
01/Feb/2017:23:35:10, 177, 1120, 1, search
01/Feb/2017:23:35:10, 244, 2235, 2, search
01/Feb/2017:23:35:10, 177, 1150, 1, search
01/Feb/2017:23:35:10, 244, 2240, 2, search
01/Feb/2017:23:35:10, 177, 1130, 1, search
01/Feb/2017:23:35:10, 244, 2230, 2, search
01/Feb/2017:23:35:10, 177, 1130, 1, search
01/Feb/2017:23:35:10, 244, 2230, 2, search
01/Feb/2017:23:35:10, 177, 1130, 1, search
01/Feb/2017:23:35:10, 244, 225, 2, search
01/Feb/2017:23:35:10, 177, 1140, 1, search
01/Feb/2017:23:35:10, 244, 2245, 2, search
01/Feb/2017:23:35:10, 177, 1120, 1, search
01/Feb/2017:23:35:10, 244, 2225, 2, search
01/Feb/2017:23:35:10, 177, 1130, 1, search
01/Feb/2017:23:35:10, 244, 2230, 2, search
01/Feb/2017:23:35:10, 177, 1130, 1, search
01/Feb/2017:23:35:10, 244, 2215, 2, search
01/Feb/2017:23:35:10, 177, 1130, 1, search
01/Feb/2017:23:35:10, 244, 2245, 2, search
01/Feb/2017:23:35:10, 177, 1110, 1, search
01/Feb/2017:23:35:10, 244, 2240, 2, search
01/Feb/2017:23:35:10, 177, 1150, 1, search
01/Feb/2017:23:35:10, 244, 2245, 2, search
01/Feb/2017:23:35:10, 177, 1150, 1, search
01/Feb/2017:23:35:10, 244, 2230, 2, search
01/Feb/2017:23:35:10, 177, 1150, 1, search
01/Feb/2017:23:35:10, 244, 2225, 2, search
01/Feb/2017:23:35:10, 177, 1130, 1, search
01/Feb/2017:23:35:10, 244, 2235, 2, search
01/Feb/2017:23:35:10, 177, 1140, 1, buy
01/Feb/2017:23:35:10, 244, 2210, 2, search
01/Feb/2017:23:35:10, 204, 1130, 1, search
01/Feb/2017:23:35:10, 103, 2215, 2, search
01/Feb/2017:23:35:10, 204, 1130, 1, search
01/Feb/2017:23:35:10, 103, 2235, 2, search
01/Feb/2017:23:35:10, 204, 1120, 1, search
01/Feb/2017:23:35:10, 103, 2225, 2, search
01/Feb/2017:23:35:10, 204, 1140, 1, search
01/Feb/2017:23:35:10, 103, 2210, 2, search
01/Feb/2017:23:35:10, 204, 1120, 1, search
01/Feb/2017:23:35:10, 103, 2240, 2, search
01/Feb/2017:23:35:10, 204, 1110, 1, search
01/Feb/2017:23:35:10, 103, 2210, 2, search
01/Feb/2017:23:35:10, 204, 1150, 1, search
01/Feb/2017:23:35:10, 103, 2210, 2, search
01/Feb/2017:23:35:10, 204, 1140, 1, search
01/Feb/2017:23:35:10, 103, 2215, 2, buy
01/Feb/2017:23:35:10, 669, 1130, 1, buy
01/Feb/2017:23:35:10, 586, 2240, 2, search
01/Feb/2017:23:35:10, 670, 1130, 1, search
01/Feb/2017:23:35:10, 15, 2250, 2, search
01/Feb/2017:23:35:10, 670, 1120, 1, search
01/Feb/2017:23:35:10, 15, 2225, 2, search
01/Feb/2017:23:35:10, 670, 1120, 1, search
01/Feb/2017:23:35:10, 15, 2245, 2, search
01/Feb/2017:23:35:10, 670, 1130, 1, search
01/Feb/2017:23:35:10, 15, 2250, 2, search
01/Feb/2017:23:35:10, 670, 1110, 1, search
01/Feb/2017:23:35:10, 15, 2235, 2, search
01/Feb/2017:23:35:10, 670, 1130, 1, search
01/Feb/2017:23:35:10, 15, 2240, 2, search
01/Feb/2017:23:35:10, 670, 1140, 1, search
01/Feb/2017:23:35:10, 15, 2225, 2, search
01/Feb/2017:23:35:10, 670, 1120, 1, search
01/Feb/2017:23:35:10, 15, 2250, 2, search
01/Feb/2017:23:35:10, 670, 1150, 1, search
01/Feb/2017:23:35:10, 15, 2245, 2, search
01/Feb/2017:23:35:10, 670, 1150, 1, search
01/Feb/2017:23:35:10, 15, 2245, 2, search
01/Feb/2017:23:35:10, 670, 1120, 1, search
01/Feb/2017:23:35:10, 15, 2250, 2, search
01/Feb/2017:23:35:10, 670, 1150, 1, search
01/Feb/2017:23:35:10, 15, 2225, 2, search
01/Feb/2017:23:35:10, 670, 1150, 1, search
01/Feb/2017:23:35:10, 15, 2235, 2, search
01/Feb/2017:23:35:10, 670, 1130, 1, search
01/Feb/2017:23:35:10, 15, 2225, 2, buy
01/Feb/2017:23:35:10, 947, 1130, 1, buy
01/Feb/2017:23:35:10, 982, 2225, 2, search
01/Feb/2017:23:35:10, 584, 1120, 1, search
01/Feb/2017:23:35:10, 889, 2250, 2, search
01/Feb/2017:23:35:10, 584, 1120, 1, search
01/Feb/2017:23:35:10, 889, 2210, 2, search
01/Feb/2017:23:35:10, 584, 1150, 1, search
01/Feb/2017:23:35:10, 889, 2230, 2, search
01/Feb/2017:23:35:10, 584, 1110, 1, search
01/Feb/2017:23:35:10, 889, 2245, 2, search
01/Feb/2017:23:35:10, 584, 1140, 1, search
01/Feb/2017:23:35:10, 889, 2245, 2, buy
01/Feb/2017:23:35:10, 814, 1130, 1, search
01/Feb/2017:23:35:10, 860, 225, 2, search
01/Feb/2017:23:35:10, 814, 1140, 1, search
01/Feb/2017:23:35:10, 860, 2215, 2, search
01/Feb/2017:23:35:10, 814, 1140, 1, search
01/Feb/2017:23:35:10, 860, 2240, 2, search
01/Feb/2017:23:35:10, 814, 1120, 1, search
01/Feb/2017:23:35:10, 860, 2215, 2, search
01/Feb/2017:23:35:10, 814, 1140, 1, search
01/Feb/2017:23:35:10, 860, 2220, 2, search
01/Feb/2017:23:35:10, 814, 1130, 1, search
01/Feb/2017:23:35:10, 860, 2250, 2, search
01/Feb/2017:23:35:10, 814, 1140, 1, search
01/Feb/2017:23:35:10, 860, 2250, 2, search
01/Feb/2017:23:35:10, 814, 1140, 1, search
01/Feb/2017:23:35:10, 860, 2210, 2, search
01/Feb/2017:23:35:10, 814, 1110, 1, buy
01/Feb/2017:23:35:10, 860, 2245, 2, search
01/Feb/2017:23:35:10, 87, 1120, 1, search
01/Feb/2017:23:35:10, 39, 2210, 2, search
01/Feb/2017:23:35:10, 87, 1130, 1, search
01/Feb/2017:23:35:10, 39, 2250, 2, search
01/Feb/2017:23:35:10, 87, 1130, 1, search
01/Feb/2017:23:35:10, 39, 2250, 2, search
01/Feb/2017:23:35:10, 87, 1110, 1, search
01/Feb/2017:23:35:10, 39, 2230, 2, search
01/Feb/2017:23:35:10, 87, 1150, 1, search
01/Feb/2017:23:35:10, 39, 2250, 2, search
01/Feb/2017:23:35:10, 87, 1110, 1, search
01/Feb/2017:23:35:10, 39, 2225, 2, search
01/Feb/2017:23:35:10, 87, 1130, 1, search
01/Feb/2017:23:35:10, 39, 2235, 2, search
01/Feb/2017:23:35:10, 87, 1110, 1, search
01/Feb/2017:23:35:10, 39, 2230, 2, search
01/Feb/2017:23:35:10, 87, 1110, 1, search
01/Feb/2017:23:35:10, 39, 2210, 2, buy
01/Feb/2017:23:35:10, 962, 1150, 1, search
01/Feb/2017:23:35:10, 217, 2235, 2, buy
01/Feb/2017:23:35:10, 145, 1130, 1, search
01/Feb/2017:23:35:10, 136, 225, 2, search
01/Feb/2017:23:35:10, 145, 1150, 1, search
01/Feb/2017:23:35:10, 136, 2225, 2, search
01/Feb/2017:23:35:10, 145, 1110, 1, search
01/Feb/2017:23:35:10, 136, 2210, 2, search
01/Feb/2017:23:35:10, 145, 1140, 1, buy
01/Feb/2017:23:35:10, 136, 2240, 2, search
01/Feb/2017:23:35:10, 674, 1120, 1, search
01/Feb/2017:23:35:10, 498, 2230, 2, search
01/Feb/2017:23:35:10, 674, 1150, 1, search
01/Feb/2017:23:35:10, 498, 2240, 2, buy
01/Feb/2017:23:35:10, 502, 1120, 1, search
01/Feb/2017:23:35:10, 763, 2210, 2, search
01/Feb/2017:23:35:10, 502, 1140, 1, search
01/Feb/2017:23:35:10, 763, 2230, 2, search
01/Feb/2017:23:35:10, 502, 1130, 1, search
01/Feb/2017:23:35:10, 763, 2220, 2, search
01/Feb/2017:23:35:10, 502, 1150, 1, search
01/Feb/2017:23:35:10, 763, 2225, 2, search
01/Feb/2017:23:35:10, 502, 1150, 1, search
01/Feb/2017:23:35:10, 763, 2245, 2, search
01/Feb/2017:23:35:10, 502, 1110, 1, search
01/Feb/2017:23:35:10, 763, 2210, 2, search
01/Feb/2017:23:35:10, 502, 1120, 1, search
01/Feb/2017:23:35:10, 763, 2225, 2, search
01/Feb/2017:23:35:10, 502, 1110, 1, search
01/Feb/2017:23:35:10, 763, 2215, 2, search
01/Feb/2017:23:35:10, 502, 1150, 1, search
01/Feb/2017:23:35:10, 763, 2215, 2, search
01/Feb/2017:23:35:10, 502, 1150, 1, search
01/Feb/2017:23:35:10, 763, 2235, 2, search
01/Feb/2017:23:35:10, 502, 1110, 1, search
01/Feb/2017:23:35:10, 763, 225, 2, search
01/Feb/2017:23:35:10, 502, 1140, 1, search
01/Feb/2017:23:35:10, 763, 2215, 2, search
01/Feb/2017:23:35:10, 502, 1120, 1, search
01/Feb/2017:23:35:10, 763, 225, 2, search
01/Feb/2017:23:35:10, 502, 1130, 1, search
01/Feb/2017:23:35:10, 763, 2210, 2, search
01/Feb/2017:23:35:10, 502, 1110, 1, search
01/Feb/2017:23:35:10, 763, 2215, 2, search
01/Feb/2017:23:35:10, 502, 1140, 1, search
01/Feb/2017:23:35:10, 763, 2220, 2, search
01/Feb/2017:23:35:10, 502, 1120, 1, search
01/Feb/2017:23:35:10, 763, 2230, 2, search
01/Feb/2017:23:35:10, 502, 1110, 1, search
01/Feb/2017:23:35:10, 763, 2235, 2, search
01/Feb/2017:23:35:10, 502, 1150, 1, search
01/Feb/2017:23:35:10, 763, 2230, 2, search
01/Feb/2017:23:35:10, 502, 1140, 1, search
01/Feb/2017:23:35:10, 763, 2225, 2, search
01/Feb/2017:23:35:10, 551, 1130, 1, search
01/Feb/2017:23:35:10, 552, 2215, 2, search
01/Feb/2017:23:35:10, 551, 1110, 1, search
01/Feb/2017:23:35:10, 552, 2235, 2, search
01/Feb/2017:23:35:10, 551, 1110, 1, buy
01/Feb/2017:23:35:10, 552, 2230, 2, search
01/Feb/2017:23:35:10, 510, 1120, 1, search
01/Feb/2017:23:35:10, 53, 225, 2, search
01/Feb/2017:23:35:10, 510, 1110, 1, search
01/Feb/2017:23:35:10, 53, 2240, 2, search
01/Feb/2017:23:35:10, 510, 1120, 1, search
01/Feb/2017:23:35:10, 53, 2215, 2, search
01/Feb/2017:23:35:10, 510, 1110, 1, search
01/Feb/2017:23:35:10, 53, 225, 2, search
01/Feb/2017:23:35:10, 510, 1120, 1, search
01/Feb/2017:23:35:10, 53, 2250, 2, search
01/Feb/2017:23:35:10, 510, 1110, 1, search
01/Feb/2017:23:35:10, 53, 2245, 2, search
01/Feb/2017:23:35:10, 510, 1130, 1, search
01/Feb/2017:23:35:10, 53, 2250, 2, search
01/Feb/2017:23:35:10, 510, 1120, 1, search
01/Feb/2017:23:35:10, 53, 2235, 2, search
01/Feb/2017:23:35:10, 510, 1150, 1, search
01/Feb/2017:23:35:10, 53, 2235, 2, search
01/Feb/2017:23:35:10, 510, 1130, 1, search
01/Feb/2017:23:35:10, 53, 2250, 2, search
01/Feb/2017:23:35:10, 510, 1150, 1, search
01/Feb/2017:23:35:10, 53, 2220, 2, search
01/Feb/2017:23:35:10, 510, 1120, 1, search
01/Feb/2017:23:35:10, 53, 2245, 2, search
01/Feb/2017:23:35:10, 510, 1120, 1, search
01/Feb/2017:23:35:10, 53, 2230, 2, search
01/Feb/2017:23:35:10, 510, 1140, 1, search
01/Feb/2017:23:35:10, 53, 2230, 2, search
01/Feb/2017:23:35:10, 510, 1110, 1, search
01/Feb/2017:23:35:10, 53, 2250, 2, search
01/Feb/2017:23:35:10, 510, 1110, 1, search
01/Feb/2017:23:35:10, 53, 2235, 2, search
01/Feb/2017:23:35:10, 510, 1130, 1, search
01/Feb/2017:23:35:10, 53, 2220, 2, search
01/Feb/2017:23:35:10, 510, 1110, 1, search
01/Feb/2017:23:35:10, 53, 2230, 2, search
01/Feb/2017:23:35:10, 510, 1140, 1, search
01/Feb/2017:23:35:10, 53, 225, 2, search
01/Feb/2017:23:35:10, 510, 1130, 1, search
01/Feb/2017:23:35:10, 53, 2210, 2, search
01/Feb/2017:23:35:10, 559, 1130, 1, buy
01/Feb/2017:23:35:10, 119, 2245, 2, search
01/Feb/2017:23:35:10, 681, 1150, 1, search
01/Feb/2017:23:35:10, 96, 2225, 2, search
01/Feb/2017:23:35:10, 681, 1130, 1, search
01/Feb/2017:23:35:10, 96, 2240, 2, search
01/Feb/2017:23:35:10, 681, 1150, 1, search
01/Feb/2017:23:35:10, 96, 2220, 2, search
01/Feb/2017:23:35:10, 681, 1140, 1, search
01/Feb/2017:23:35:10, 96, 2210, 2, search
01/Feb/2017:23:35:10, 681, 1130, 1, search
01/Feb/2017:23:35:10, 96, 2215, 2, search
01/Feb/2017:23:35:10, 681, 1130, 1, search
01/Feb/2017:23:35:10, 96, 2225, 2, search
01/Feb/2017:23:35:10, 681, 1120, 1, search
01/Feb/2017:23:35:10, 96, 2245, 2, search
01/Feb/2017:23:35:10, 681, 1150, 1, search
01/Feb/2017:23:35:10, 96, 2235, 2, search
01/Feb/2017:23:35:10, 681, 1150, 1, search
01/Feb/2017:23:35:10, 96, 2240, 2, search
01/Feb/2017:23:35:10, 681, 1140, 1, search
01/Feb/2017:23:35:10, 96, 2235, 2, search
01/Feb/2017:23:35:10, 681, 1120, 1, search
01/Feb/2017:23:35:10, 96, 2250, 2, search
01/Feb/2017:23:35:10, 681, 1110, 1, search
01/Feb/2017:23:35:10, 96, 2230, 2, search
01/Feb/2017:23:35:10, 681, 1140, 1, search
01/Feb/2017:23:35:10, 96, 2235, 2, search
01/Feb/2017:23:35:10, 681, 1150, 1, search
01/Feb/2017:23:35:10, 96, 2225, 2, search
01/Feb/2017:23:35:10, 681, 1150, 1, search
01/Feb/2017:23:35:10, 96, 2230, 2, search
01/Feb/2017:23:35:10, 681, 1110, 1, search
01/Feb/2017:23:35:10, 96, 2230, 2, search
01/Feb/2017:23:35:10, 681, 1110, 1, search
01/Feb/2017:23:35:10, 96, 2225, 2, search
01/Feb/2017:23:35:10, 681, 1150, 1, search
01/Feb/2017:23:35:10, 96, 2225, 2, buy
01/Feb/2017:23:35:10, 394, 1150, 1, search
01/Feb/2017:23:35:10, 98, 2215, 2, search
01/Feb/2017:23:35:10, 394, 1130, 1, search
01/Feb/2017:23:35:10, 98, 2245, 2, search
01/Feb/2017:23:35:10, 394, 1150, 1, search
01/Feb/2017:23:35:10, 98, 2225, 2, search
01/Feb/2017:23:35:10, 394, 1140, 1, search
01/Feb/2017:23:35:10, 98, 2220, 2, search
01/Feb/2017:23:35:10, 394, 1110, 1, search
01/Feb/2017:23:35:10, 98, 2220, 2, search
01/Feb/2017:23:35:10, 394, 1110, 1, search
01/Feb/2017:23:35:10, 98, 2215, 2, search
01/Feb/2017:23:35:10, 394, 1150, 1, search
01/Feb/2017:23:35:10, 98, 2250, 2, search
01/Feb/2017:23:35:10, 394, 1140, 1, search
01/Feb/2017:23:35:10, 98, 2240, 2, search
01/Feb/2017:23:35:10, 394, 1140, 1, search
01/Feb/2017:23:35:10, 98, 2250, 2, search
01/Feb/2017:23:35:10, 394, 1140, 1, search
01/Feb/2017:23:35:10, 98, 2230, 2, search
01/Feb/2017:23:35:10, 394, 1130, 1, search
01/Feb/2017:23:35:10, 98, 225, 2, search
01/Feb/2017:23:35:10, 394, 1140, 1, search
01/Feb/2017:23:35:10, 98, 2245, 2, search
01/Feb/2017:23:35:10, 394, 1130, 1, search
01/Feb/2017:23:35:10, 98, 2230, 2, search
01/Feb/2017:23:35:10, 394, 1130, 1, search
01/Feb/2017:23:35:10, 98, 2245, 2, buy
01/Feb/2017:23:35:10, 324, 1130, 1, search
01/Feb/2017:23:35:10, 51, 2210, 2, search
01/Feb/2017:23:35:10, 324, 1130, 1, search
01/Feb/2017:23:35:10, 51, 2250, 2, search
01/Feb/2017:23:35:10, 324, 1120, 1, search
01/Feb/2017:23:35:10, 51, 2240, 2, search
01/Feb/2017:23:35:10, 324, 1130, 1, buy
01/Feb/2017:23:35:10, 51, 2245, 2, search
01/Feb/2017:23:35:10, 809, 1130, 1, search
01/Feb/2017:23:35:10, 669, 2240, 2, search
01/Feb/2017:23:35:10, 809, 1140, 1, search
01/Feb/2017:23:35:10, 669, 2215, 2, search
01/Feb/2017:23:35:10, 809, 1110, 1, buy
01/Feb/2017:23:35:10, 669, 2225, 2, search
01/Feb/2017:23:35:10, 11, 1130, 1, search
01/Feb/2017:23:35:10, 487, 2245, 2, search
01/Feb/2017:23:35:10, 11, 1150, 1, search
01/Feb/2017:23:35:10, 487, 2240, 2, search
01/Feb/2017:23:35:10, 11, 1120, 1, search
01/Feb/2017:23:35:10, 487, 2230, 2, buy
01/Feb/2017:23:35:10, 851, 1120, 1, search
01/Feb/2017:23:35:10, 562, 2215, 2, buy
01/Feb/2017:23:35:10, 167, 1120, 1, search
01/Feb/2017:23:35:10, 50, 2235, 2, search
01/Feb/2017:23:35:10, 167, 1110, 1, search
01/Feb/2017:23:35:10, 50, 2250, 2, search
01/Feb/2017:23:35:10, 167, 1140, 1, search
01/Feb/2017:23:35:10, 50, 2245, 2, search
01/Feb/2017:23:35:10, 167, 1150, 1, buy
01/Feb/2017:23:35:10, 50, 2235, 2, search
01/Feb/2017:23:35:10, 983, 1110, 1, search
01/Feb/2017:23:35:10, 83, 2250, 2, search
01/Feb/2017:23:35:10, 983, 1150, 1, search
01/Feb/2017:23:35:10, 83, 2215, 2, search
01/Feb/2017:23:35:10, 983, 1150, 1, search
01/Feb/2017:23:35:10, 83, 2220, 2, search
01/Feb/2017:23:35:10, 983, 1140, 1, search
01/Feb/2017:23:35:10, 83, 2245, 2, search
01/Feb/2017:23:35:10, 983, 1150, 1, search
01/Feb/2017:23:35:10, 83, 2215, 2, search
01/Feb/2017:23:35:10, 983, 1140, 1, search
01/Feb/2017:23:35:10, 83, 2220, 2, search
01/Feb/2017:23:35:10, 983, 1110, 1, search
01/Feb/2017:23:35:10, 83, 2210, 2, search
01/Feb/2017:23:35:10, 983, 1130, 1, search
01/Feb/2017:23:35:10, 83, 225, 2, search
01/Feb/2017:23:35:10, 983, 1150, 1, search
01/Feb/2017:23:35:10, 83, 2225, 2, search
01/Feb/2017:23:35:10, 983, 1110, 1, search
01/Feb/2017:23:35:10, 83, 2235, 2, search
01/Feb/2017:23:35:10, 983, 1110, 1, search
01/Feb/2017:23:35:10, 83, 225, 2, search
01/Feb/2017:23:35:10, 983, 1140, 1, search
01/Feb/2017:23:35:10, 83, 2250, 2, search
01/Feb/2017:23:35:10, 983, 1150, 1, search
01/Feb/2017:23:35:10, 83, 2245, 2, search
01/Feb/2017:23:35:10, 983, 1120, 1, search
01/Feb/2017:23:35:10, 83, 2240, 2, search
01/Feb/2017:23:35:10, 983, 1110, 1, search
01/Feb/2017:23:35:10, 83, 2235, 2, search
01/Feb/2017:23:35:10, 983, 1110, 1, search
01/Feb/2017:23:35:10, 83, 2210, 2, search
01/Feb/2017:23:35:10, 983, 1140, 1, search
01/Feb/2017:23:35:10, 83, 2250, 2, search
01/Feb/2017:23:35:10, 983, 1130, 1, search
01/Feb/2017:23:35:10, 83, 2220, 2, search
01/Feb/2017:23:35:10, 983, 1130, 1, search
01/Feb/2017:23:35:10, 83, 2225, 2, search
01/Feb/2017:23:35:10, 983, 1130, 1, search
01/Feb/2017:23:35:10, 83, 2220, 2, search
01/Feb/2017:23:35:10, 206, 1110, 1, search
01/Feb/2017:23:35:10, 472, 2240, 2, search
01/Feb/2017:23:35:10, 206, 1140, 1, search
01/Feb/2017:23:35:10, 472, 2230, 2, search
01/Feb/2017:23:35:10, 206, 1140, 1, buy
01/Feb/2017:23:35:10, 472, 2235, 2, search
01/Feb/2017:23:35:10, 486, 1150, 1, search
01/Feb/2017:23:35:10, 429, 2225, 2, search
01/Feb/2017:23:35:10, 486, 1150, 1, search
01/Feb/2017:23:35:10, 429, 2230, 2, search
01/Feb/2017:23:35:10, 486, 1140, 1, search
01/Feb/2017:23:35:10, 429, 2210, 2, search
01/Feb/2017:23:35:10, 486, 1140, 1, search
01/Feb/2017:23:35:10, 429, 2245, 2, search
01/Feb/2017:23:35:10, 486, 1140, 1, search
01/Feb/2017:23:35:10, 429, 2240, 2, search
01/Feb/2017:23:35:10, 486, 1120, 1, search
01/Feb/2017:23:35:10, 429, 2220, 2, search
01/Feb/2017:23:35:10, 486, 1130, 1, search
01/Feb/2017:23:35:10, 429, 2240, 2, search
01/Feb/2017:23:35:10, 486, 1130, 1, search
01/Feb/2017:23:35:10, 429, 2225, 2, search
01/Feb/2017:23:35:10, 486, 1110, 1, search
01/Feb/2017:23:35:10, 429, 2250, 2, search
01/Feb/2017:23:35:10, 486, 1110, 1, search
01/Feb/2017:23:35:10, 429, 2235, 2, search
01/Feb/2017:23:35:10, 486, 1110, 1, search
01/Feb/2017:23:35:10, 429, 2250, 2, search
01/Feb/2017:23:35:10, 486, 1120, 1, search
01/Feb/2017:23:35:10, 429, 2240, 2, search
01/Feb/2017:23:35:10, 486, 1110, 1, search
01/Feb/2017:23:35:10, 429, 2220, 2, search
01/Feb/2017:23:35:10, 486, 1150, 1, search
01/Feb/2017:23:35:10, 429, 2250, 2, buy
01/Feb/2017:23:35:10, 382, 1150, 1, search
01/Feb/2017:23:35:10, 615, 225, 2, search
01/Feb/2017:23:35:10, 382, 1150, 1, search
01/Feb/2017:23:35:10, 615, 2240, 2, search
01/Feb/2017:23:35:10, 382, 1150, 1, search
01/Feb/2017:23:35:10, 615, 2240, 2, search
01/Feb/2017:23:35:10, 382, 1140, 1, buy
01/Feb/2017:23:35:10, 615, 225, 2, search
01/Feb/2017:23:35:10, 315, 1140, 1, search
01/Feb/2017:23:35:10, 862, 2210, 2, search
01/Feb/2017:23:35:10, 315, 1140, 1, buy
01/Feb/2017:23:35:10, 862, 2220, 2, search
01/Feb/2017:23:35:10, 283, 1130, 1, search
01/Feb/2017:23:35:10, 831, 2230, 2, search
01/Feb/2017:23:35:10, 283, 1110, 1, search
01/Feb/2017:23:35:10, 831, 2250, 2, search
01/Feb/2017:23:35:10, 283, 1110, 1, search
01/Feb/2017:23:35:10, 831, 2230, 2, search
01/Feb/2017:23:35:10, 283, 1130, 1, search
01/Feb/2017:23:35:10, 831, 2215, 2, search
01/Feb/2017:23:35:10, 283, 1150, 1, search
01/Feb/2017:23:35:10, 831, 2250, 2, search
01/Feb/2017:23:35:10, 283, 1140, 1, search
01/Feb/2017:23:35:10, 831, 2250, 2, search
01/Feb/2017:23:35:10, 283, 1120, 1, search
01/Feb/2017:23:35:10, 831, 225, 2, search
01/Feb/2017:23:35:10, 283, 1150, 1, search
01/Feb/2017:23:35:10, 831, 2220, 2, search
01/Feb/2017:23:35:10, 283, 1130, 1, search
01/Feb/2017:23:35:10, 831, 2225, 2, search
01/Feb/2017:23:35:10, 283, 1150, 1, search
01/Feb/2017:23:35:10, 831, 2250, 2, buy
01/Feb/2017:23:35:10, 305, 1140, 1, search
01/Feb/2017:23:35:10, 995, 2235, 2, search
01/Feb/2017:23:35:10, 305, 1120, 1, search
01/Feb/2017:23:35:10, 995, 2245, 2, search
01/Feb/2017:23:35:10, 305, 1110, 1, search
01/Feb/2017:23:35:10, 995, 2230, 2, search
01/Feb/2017:23:35:10, 305, 1120, 1, search
01/Feb/2017:23:35:10, 995, 2215, 2, search
01/Feb/2017:23:35:10, 305, 1130, 1, search
01/Feb/2017:23:35:10, 995, 2245, 2, search
01/Feb/2017:23:35:10, 305, 1120, 1, search
01/Feb/2017:23:35:10, 995, 2250, 2, search
01/Feb/2017:23:35:10, 305, 1120, 1, search
01/Feb/2017:23:35:10, 995, 2250, 2, search
01/Feb/2017:23:35:10, 305, 1150, 1, search
01/Feb/2017:23:35:10, 995, 2210, 2, search
01/Feb/2017:23:35:10, 305, 1150, 1, search
01/Feb/2017:23:35:10, 995, 2250, 2, search
01/Feb/2017:23:35:10, 305, 1130, 1, search
01/Feb/2017:23:35:10, 995, 225, 2, search
01/Feb/2017:23:35:10, 305, 1140, 1, search
01/Feb/2017:23:35:10, 995, 2220, 2, search
01/Feb/2017:23:35:10, 305, 1130, 1, buy
01/Feb/2017:23:35:10, 995, 2230, 2, search
01/Feb/2017:23:35:10, 827, 1150, 1, search
01/Feb/2017:23:35:10, 264, 2250, 2, search
01/Feb/2017:23:35:10, 827, 1140, 1, search
01/Feb/2017:23:35:10, 264, 2230, 2, search
01/Feb/2017:23:35:10, 827, 1130, 1, search
01/Feb/2017:23:35:10, 264, 2210, 2, search
01/Feb/2017:23:35:10, 827, 1120, 1, search
01/Feb/2017:23:35:10, 264, 2245, 2, search
01/Feb/2017:23:35:10, 827, 1140, 1, search
01/Feb/2017:23:35:10, 264, 2230, 2, search
01/Feb/2017:23:35:10, 827, 1130, 1, search
01/Feb/2017:23:35:10, 264, 2240, 2, search
01/Feb/2017:23:35:10, 827, 1130, 1, search
01/Feb/2017:23:35:10, 264, 2220, 2, search
01/Feb/2017:23:35:10, 827, 1150, 1, search
01/Feb/2017:23:35:10, 264, 2225, 2, search
01/Feb/2017:23:35:10, 827, 1140, 1, search
01/Feb/2017:23:35:10, 264, 2215, 2, search
01/Feb/2017:23:35:10, 827, 1110, 1, search
01/Feb/2017:23:35:10, 264, 2225, 2, search
01/Feb/2017:23:35:10, 827, 1150, 1, search
01/Feb/2017:23:35:10, 264, 2225, 2, buy
01/Feb/2017:23:35:10, 652, 1110, 1, search
01/Feb/2017:23:35:10, 261, 2240, 2, search
01/Feb/2017:23:35:10, 652, 1110, 1, search
01/Feb/2017:23:35:10, 261, 2230, 2, search
01/Feb/2017:23:35:10, 652, 1130, 1, search
01/Feb/2017:23:35:10, 261, 2245, 2, search
01/Feb/2017:23:35:10, 652, 1120, 1, search
01/Feb/2017:23:35:10, 261, 2240, 2, buy
01/Feb/2017:23:35:10, 283, 1130, 1, search
01/Feb/2017:23:35:10, 831, 2245, 2, search
01/Feb/2017:23:35:10, 283, 1150, 1, search
01/Feb/2017:23:35:10, 831, 2210, 2, search
01/Feb/2017:23:35:10, 283, 1130, 1, search
01/Feb/2017:23:35:10, 831, 2250, 2, search
01/Feb/2017:23:35:10, 283, 1140, 1, buy
01/Feb/2017:23:35:10, 831, 2210, 2, search
01/Feb/2017:23:35:10, 116, 1140, 1, search
01/Feb/2017:23:35:10, 998, 2235, 2, search
01/Feb/2017:23:35:10, 116, 1120, 1, search
01/Feb/2017:23:35:10, 998, 2235, 2, search
01/Feb/2017:23:35:10, 116, 1140, 1, search
01/Feb/2017:23:35:10, 998, 2230, 2, search
01/Feb/2017:23:35:10, 116, 1150, 1, search
01/Feb/2017:23:35:10, 998, 225, 2, search
01/Feb/2017:23:35:10, 116, 1150, 1, search
01/Feb/2017:23:35:10, 998, 225, 2, search
01/Feb/2017:23:35:10, 116, 1120, 1, search
01/Feb/2017:23:35:10, 998, 2235, 2, search
01/Feb/2017:23:35:10, 116, 1110, 1, search
01/Feb/2017:23:35:10, 998, 2225, 2, search
01/Feb/2017:23:35:10, 116, 1110, 1, search
01/Feb/2017:23:35:10, 998, 2240, 2, search
01/Feb/2017:23:35:10, 116, 1130, 1, search
01/Feb/2017:23:35:10, 998, 2230, 2, search
01/Feb/2017:23:35:10, 116, 1140, 1, search
01/Feb/2017:23:35:10, 998, 2245, 2, search
01/Feb/2017:23:35:10, 116, 1110, 1, search
01/Feb/2017:23:35:10, 998, 2220, 2, search
01/Feb/2017:23:35:10, 116, 1150, 1, search
01/Feb/2017:23:35:10, 998, 2215, 2, search
01/Feb/2017:23:35:10, 116, 1120, 1, search
01/Feb/2017:23:35:10, 998, 225, 2, search
01/Feb/2017:23:35:10, 116, 1150, 1, search
01/Feb/2017:23:35:10, 998, 2210, 2, search
01/Feb/2017:23:35:10, 116, 1150, 1, search
01/Feb/2017:23:35:10, 998, 2215, 2, search
01/Feb/2017:23:35:10, 116, 1140, 1, search
01/Feb/2017:23:35:10, 998, 2215, 2, search
01/Feb/2017:23:35:10, 116, 1140, 1, search
01/Feb/2017:23:35:10, 998, 2240, 2, search
01/Feb/2017:23:35:10, 116, 1150, 1, search
01/Feb/2017:23:35:10, 998, 2240, 2, search
01/Feb/2017:23:35:10, 116, 1120, 1, search
01/Feb/2017:23:35:10, 998, 2240, 2, search
01/Feb/2017:23:35:10, 116, 1130, 1, search
01/Feb/2017:23:35:10, 998, 2210, 2, search
01/Feb/2017:23:35:10, 391, 1120, 1, search
01/Feb/2017:23:35:10, 680, 2240, 2, search
01/Feb/2017:23:35:10, 391, 1110, 1, search
01/Feb/2017:23:35:10, 680, 2225, 2, search
01/Feb/2017:23:35:10, 391, 1110, 1, search
01/Feb/2017:23:35:10, 680, 225, 2, search
01/Feb/2017:23:35:10, 391, 1130, 1, search
01/Feb/2017:23:35:10, 680, 2250, 2, search
01/Feb/2017:23:35:10, 391, 1150, 1, search
01/Feb/2017:23:35:10, 680, 2235, 2, search
01/Feb/2017:23:35:10, 391, 1150, 1, search
01/Feb/2017:23:35:10, 680, 2220, 2, buy
01/Feb/2017:23:35:10, 257, 1140, 1, search
01/Feb/2017:23:35:10, 450, 2230, 2, search
01/Feb/2017:23:35:10, 257, 1120, 1, search
01/Feb/2017:23:35:10, 450, 2250, 2, search
01/Feb/2017:23:35:10, 257, 1140, 1, search
01/Feb/2017:23:35:10, 450, 2240, 2, search
01/Feb/2017:23:35:10, 257, 1110, 1, search
01/Feb/2017:23:35:10, 450, 2230, 2, buy
01/Feb/2017:23:35:10, 21, 1140, 1, search
01/Feb/2017:23:35:10, 335, 225, 2, search
01/Feb/2017:23:35:10, 21, 1130, 1, search
01/Feb/2017:23:35:10, 335, 2210, 2, search
01/Feb/2017:23:35:10, 21, 1140, 1, search
01/Feb/2017:23:35:10, 335, 2230, 2, search
01/Feb/2017:23:35:10, 21, 1110, 1, search
01/Feb/2017:23:35:10, 335, 2235, 2, search
01/Feb/2017:23:35:10, 21, 1150, 1, search
01/Feb/2017:23:35:10, 335, 2250, 2, search
01/Feb/2017:23:35:10, 21, 1120, 1, search
01/Feb/2017:23:35:10, 335, 2230, 2, search
01/Feb/2017:23:35:10, 21, 1110, 1, search
01/Feb/2017:23:35:10, 335, 2240, 2, search
01/Feb/2017:23:35:10, 21, 1140, 1, buy
01/Feb/2017:23:35:10, 335, 2245, 2, search
01/Feb/2017:23:35:10, 74, 1150, 1, search
01/Feb/2017:23:35:10, 635, 2215, 2, search
01/Feb/2017:23:35:10, 74, 1150, 1, search
01/Feb/2017:23:35:10, 635, 2245, 2, search
01/Feb/2017:23:35:10, 74, 1130, 1, search
01/Feb/2017:23:35:10, 635, 2220, 2, search
01/Feb/2017:23:35:10, 74, 1130, 1, search
01/Feb/2017:23:35:10, 635, 2220, 2, search
01/Feb/2017:23:35:10, 74, 1140, 1, search
01/Feb/2017:23:35:10, 635, 2225, 2, search
01/Feb/2017:23:35:10, 74, 1120, 1, search
01/Feb/2017:23:35:10, 635, 2215, 2, search
01/Feb/2017:23:35:10, 74, 1140, 1, search
01/Feb/2017:23:35:10, 635, 2215, 2, search
01/Feb/2017:23:35:10, 74, 1130, 1, search
01/Feb/2017:23:35:10, 635, 2210, 2, search
01/Feb/2017:23:35:10, 74, 1150, 1, search
01/Feb/2017:23:35:10, 635, 2235, 2, search
01/Feb/2017:23:35:10, 74, 1110, 1, search
01/Feb/2017:23:35:10, 635, 2240, 2, search
01/Feb/2017:23:35:10, 74, 1150, 1, search
01/Feb/2017:23:35:10, 635, 2215, 2, search
01/Feb/2017:23:35:10, 74, 1110, 1, search
01/Feb/2017:23:35:10, 635, 2250, 2, search
01/Feb/2017:23:35:10, 74, 1150, 1, search
01/Feb/2017:23:35:10, 635, 2215, 2, search
01/Feb/2017:23:35:10, 74, 1110, 1, search
01/Feb/2017:23:35:10, 635, 2230, 2, search
01/Feb/2017:23:35:10, 74, 1110, 1, search
01/Feb/2017:23:35:10, 635, 2210, 2, search
01/Feb/2017:23:35:10, 74, 1150, 1, search
01/Feb/2017:23:35:10, 635, 2250, 2, search
01/Feb/2017:23:35:10, 74, 1110, 1, search
01/Feb/2017:23:35:10, 635, 2235, 2, search
01/Feb/2017:23:35:10, 74, 1140, 1, search
01/Feb/2017:23:35:10, 635, 2250, 2, search
01/Feb/2017:23:35:10, 74, 1110, 1, search
01/Feb/2017:23:35:10, 635, 225, 2, search
01/Feb/2017:23:35:10, 74, 1130, 1, search
01/Feb/2017:23:35:10, 635, 2225, 2, search
01/Feb/2017:23:35:10, 935, 1120, 1, search
01/Feb/2017:23:35:10, 570, 2210, 2, search
01/Feb/2017:23:35:10, 935, 1150, 1, search
01/Feb/2017:23:35:10, 570, 225, 2, search
01/Feb/2017:23:35:10, 935, 1150, 1, buy
01/Feb/2017:23:35:10, 570, 2250, 2, search
01/Feb/2017:23:35:10, 19, 1130, 1, search
01/Feb/2017:23:35:10, 659, 225, 2, buy
01/Feb/2017:23:35:10, 574, 1140, 1, search
01/Feb/2017:23:35:10, 324, 2230, 2, search
01/Feb/2017:23:35:10, 574, 1110, 1, search
01/Feb/2017:23:35:10, 324, 2240, 2, search
01/Feb/2017:23:35:10, 574, 1120, 1, search
01/Feb/2017:23:35:10, 324, 2220, 2, search
01/Feb/2017:23:35:10, 574, 1150, 1, buy
01/Feb/2017:23:35:10, 324, 2225, 2, search
01/Feb/2017:23:35:10, 161, 1140, 1, search
01/Feb/2017:23:35:10, 619, 2225, 2, search
01/Feb/2017:23:35:10, 161, 1110, 1, search
01/Feb/2017:23:35:10, 619, 2245, 2, search
01/Feb/2017:23:35:10, 161, 1110, 1, search
01/Feb/2017:23:35:10, 619, 2225, 2, search
01/Feb/2017:23:35:10, 161, 1110, 1, search
01/Feb/2017:23:35:10, 619, 2220, 2, search
01/Feb/2017:23:35:10, 161, 1140, 1, search
01/Feb/2017:23:35:10, 619, 2210, 2, search
01/Feb/2017:23:35:10, 161, 1140, 1, search
01/Feb/2017:23:35:10, 619, 2215, 2, search
01/Feb/2017:23:35:10, 161, 1150, 1, buy
01/Feb/2017:23:35:10, 619, 2250, 2, search
01/Feb/2017:23:35:10, 989, 1120, 1, search
01/Feb/2017:23:35:10, 138, 2240, 2, search
01/Feb/2017:23:35:10, 989, 1130, 1, search
01/Feb/2017:23:35:10, 138, 2220, 2, search
01/Feb/2017:23:35:10, 989, 1150, 1, search
01/Feb/2017:23:35:10, 138, 2215, 2, search
01/Feb/2017:23:35:10, 989, 1150, 1, search
01/Feb/2017:23:35:10, 138, 2240, 2, search
01/Feb/2017:23:35:10, 989, 1110, 1, search
01/Feb/2017:23:35:10, 138, 2250, 2, search
01/Feb/2017:23:35:10, 989, 1120, 1, search
01/Feb/2017:23:35:10, 138, 2210, 2, search
01/Feb/2017:23:35:10, 989, 1120, 1, search
01/Feb/2017:23:35:10, 138, 2220, 2, buy
01/Feb/2017:23:35:10, 596, 1130, 1, search
01/Feb/2017:23:35:10, 132, 2225, 2, search
01/Feb/2017:23:35:10, 596, 1140, 1, search
01/Feb/2017:23:35:10, 132, 2235, 2, search
01/Feb/2017:23:35:10, 596, 1150, 1, search
01/Feb/2017:23:35:10, 132, 2235, 2, search
01/Feb/2017:23:35:10, 596, 1110, 1, search
01/Feb/2017:23:35:10, 132, 225, 2, search
01/Feb/2017:23:35:10, 596, 1120, 1, search
01/Feb/2017:23:35:10, 132, 2220, 2, search
01/Feb/2017:23:35:10, 596, 1150, 1, search
01/Feb/2017:23:35:10, 132, 2250, 2, search
01/Feb/2017:23:35:10, 596, 1120, 1, search
01/Feb/2017:23:35:10, 132, 2245, 2, search
01/Feb/2017:23:35:10, 596, 1110, 1, search
01/Feb/2017:23:35:10, 132, 2245, 2, search
01/Feb/2017:23:35:10, 596, 1110, 1, search
01/Feb/2017:23:35:10, 132, 2235, 2, search
01/Feb/2017:23:35:10, 596, 1140, 1, search
01/Feb/2017:23:35:10, 132, 2210, 2, search
01/Feb/2017:23:35:10, 596, 1110, 1, search
01/Feb/2017:23:35:10, 132, 2240, 2, search
01/Feb/2017:23:35:10, 596, 1130, 1, search
01/Feb/2017:23:35:10, 132, 2245, 2, search
01/Feb/2017:23:35:10, 596, 1150, 1, search
01/Feb/2017:23:35:10, 132, 2215, 2, search
01/Feb/2017:23:35:10, 596, 1150, 1, search
01/Feb/2017:23:35:10, 132, 225, 2, search
01/Feb/2017:23:35:10, 596, 1140, 1, search
01/Feb/2017:23:35:10, 132, 2235, 2, search
01/Feb/2017:23:35:10, 596, 1140, 1, search
01/Feb/2017:23:35:10, 132, 2250, 2, search
01/Feb/2017:23:35:10, 596, 1110, 1, search
01/Feb/2017:23:35:10, 132, 2220, 2, search
01/Feb/2017:23:35:10, 596, 1130, 1, search
01/Feb/2017:23:35:10, 132, 2240, 2, search
01/Feb/2017:23:35:10, 596, 1140, 1, search
01/Feb/2017:23:35:10, 132, 2250, 2, search
01/Feb/2017:23:35:10, 596, 1110, 1, search
01/Feb/2017:23:35:10, 132, 2220, 2, search
01/Feb/2017:23:35:10, 666, 1110, 1, search
01/Feb/2017:23:35:10, 92, 2220, 2, search
01/Feb/2017:23:35:10, 666, 1150, 1, search
01/Feb/2017:23:35:10, 92, 225, 2, search
01/Feb/2017:23:35:10, 666, 1120, 1, search
01/Feb/2017:23:35:10, 92, 2240, 2, search
