06/Feb/2017 21:42:39,1861,1130,1,search
06/Feb/2017 21:42:41,1861,1110,1,search
06/Feb/2017 21:42:42,1861,1120,1,search
06/Feb/2017 21:42:39,2413,3333,3,search
06/Feb/2017 21:42:39,1351,3339,3,search
06/Feb/2017 21:42:41,2413,3333,3,search
06/Feb/2017 21:42:41,1351,3318,3,search
06/Feb/2017 21:42:42,2413,3339,3,search
06/Feb/2017 21:42:42,1351,3333,3,search
06/Feb/2017 21:42:44,1861,1110,1,search
06/Feb/2017 21:42:44,2413,3321,3,search
06/Feb/2017 21:42:44,1351,3336,3,search
06/Feb/2017 21:42:45,1861,1150,1,search
06/Feb/2017 21:42:45,2413,3312,3,search
06/Feb/2017 21:42:45,1351,3324,3,search
06/Feb/2017 21:42:47,1861,1150,1,search
06/Feb/2017 21:42:47,2413,3342,3,search
06/Feb/2017 21:42:47,1351,3318,3,search
06/Feb/2017 21:42:48,1861,1110,1,search
06/Feb/2017 21:42:48,2413,3345,3,search
06/Feb/2017 21:42:48,1351,3333,3,search
06/Feb/2017 21:42:50,1861,1110,1,search
06/Feb/2017 21:42:50,2413,3333,3,search
06/Feb/2017 21:42:50,1351,3315,3,search
06/Feb/2017 21:42:51,1861,1120,1,search
06/Feb/2017 21:42:51,2413,3333,3,search
06/Feb/2017 21:42:51,1351,3330,3,search
06/Feb/2017 21:42:53,1861,1120,1,search
06/Feb/2017 21:42:53,2413,3324,3,search
06/Feb/2017 21:42:53,1351,3336,3,search
06/Feb/2017 21:42:54,1861,1110,1,search
06/Feb/2017 21:42:54,2413,3321,3,search
06/Feb/2017 21:42:54,1351,3321,3,search
06/Feb/2017 21:42:56,1861,1140,1,search
06/Feb/2017 21:42:56,2413,3312,3,search
06/Feb/2017 21:42:56,1351,3312,3,search
06/Feb/2017 21:42:57,1861,1130,1,search
06/Feb/2017 21:42:57,2413,3327,3,search
06/Feb/2017 21:42:57,1351,3330,3,search
06/Feb/2017 21:42:59,1861,1110,1,search
06/Feb/2017 21:42:59,2413,3315,3,search
06/Feb/2017 21:42:59,1351,3330,3,search
06/Feb/2017 21:43:00,1861,1130,1,search
06/Feb/2017 21:43:00,2413,3312,3,search
06/Feb/2017 21:43:00,1351,3327,3,search
06/Feb/2017 21:43:02,1861,1150,1,search
06/Feb/2017 21:43:02,2413,3312,3,search
06/Feb/2017 21:43:02,1351,3342,3,search
06/Feb/2017 21:43:03,1861,1140,1,search
06/Feb/2017 21:43:03,2413,3312,3,search
06/Feb/2017 21:43:03,1351,3336,3,search
06/Feb/2017 21:43:05,95,1110,1,search
06/Feb/2017 21:43:05,4476,1110,1,search
06/Feb/2017 21:43:05,3211,3345,3,search
06/Feb/2017 21:43:06,95,1140,1,search
06/Feb/2017 21:43:06,4476,1110,1,buy
06/Feb/2017 21:43:07,3837,2215,2,search
06/Feb/2017 21:43:07,3237,1110,1,search
06/Feb/2017 21:43:07,4503,4440,4,search
06/Feb/2017 21:43:09,3837,225,2,search
06/Feb/2017 21:43:09,3237,1120,1,search
06/Feb/2017 21:43:09,4503,4472,4,search
06/Feb/2017 21:43:10,3837,2215,2,search
06/Feb/2017 21:43:10,3237,1130,1,search
06/Feb/2017 21:43:10,4503,4448,4,search
06/Feb/2017 21:43:12,3837,225,2,search
06/Feb/2017 21:43:12,3237,1120,1,search
06/Feb/2017 21:43:12,4503,4420,4,buy
06/Feb/2017 21:43:13,727,1110,1,search
06/Feb/2017 21:43:13,2833,1130,1,search
06/Feb/2017 21:43:13,337,4456,4,search
06/Feb/2017 21:43:15,727,1130,1,search
06/Feb/2017 21:43:15,2833,1110,1,search
06/Feb/2017 21:43:15,337,4436,4,search
06/Feb/2017 21:43:16,727,1130,1,search
06/Feb/2017 21:43:16,2833,1120,1,search
06/Feb/2017 21:43:16,337,4428,4,search
06/Feb/2017 21:43:18,727,1130,1,search
06/Feb/2017 21:43:18,2833,1130,1,search
06/Feb/2017 21:43:18,337,4448,4,search
06/Feb/2017 21:43:19,727,1130,1,search
06/Feb/2017 21:43:19,2833,1120,1,search
06/Feb/2017 21:43:19,337,4448,4,buy
06/Feb/2017 21:43:21,3692,1130,1,search
06/Feb/2017 21:43:21,2538,333,3,search
06/Feb/2017 21:43:21,2333,3327,3,search
06/Feb/2017 21:43:22,3692,1120,1,search
06/Feb/2017 21:43:22,2538,3312,3,search
06/Feb/2017 21:43:22,2333,3321,3,search
06/Feb/2017 21:43:24,3692,1120,1,search
06/Feb/2017 21:43:24,2538,339,3,search
06/Feb/2017 21:43:24,2333,3330,3,search
06/Feb/2017 21:43:25,3692,1120,1,search
06/Feb/2017 21:43:25,2538,333,3,search
06/Feb/2017 21:43:25,2333,3333,3,search
06/Feb/2017 21:43:27,3692,1150,1,search
06/Feb/2017 21:43:27,2538,3312,3,search
06/Feb/2017 21:43:27,2333,3342,3,search
06/Feb/2017 21:43:28,3692,1150,1,buy
06/Feb/2017 21:43:29,2539,4460,4,search
06/Feb/2017 21:43:29,4840,3336,3,search
06/Feb/2017 21:43:29,2561,1150,1,search
06/Feb/2017 21:43:30,2539,4424,4,search
06/Feb/2017 21:43:30,4840,3324,3,search
06/Feb/2017 21:43:30,2561,1120,1,search
06/Feb/2017 21:43:32,2539,4424,4,search
06/Feb/2017 21:43:32,4840,333,3,search
06/Feb/2017 21:43:32,2561,1130,1,search
06/Feb/2017 21:43:34,2539,4472,4,search
06/Feb/2017 21:43:34,4840,3318,3,search
06/Feb/2017 21:43:34,2561,1120,1,search
06/Feb/2017 21:43:35,2539,4472,4,search
06/Feb/2017 21:43:35,4840,3315,3,search
06/Feb/2017 21:43:35,2561,1140,1,search
06/Feb/2017 21:43:37,2539,4464,4,search
06/Feb/2017 21:43:37,4840,3321,3,search
06/Feb/2017 21:43:37,2561,1130,1,search
06/Feb/2017 21:43:38,2539,4424,4,search
06/Feb/2017 21:43:38,4840,3342,3,buy
06/Feb/2017 21:43:39,4511,4452,4,search
06/Feb/2017 21:43:39,4565,4416,4,search
06/Feb/2017 21:43:39,4362,4444,4,search
06/Feb/2017 21:43:41,4511,4476,4,search
06/Feb/2017 21:43:41,4565,4480,4,search
06/Feb/2017 21:43:41,4362,4452,4,search
06/Feb/2017 21:43:42,4511,4464,4,search
06/Feb/2017 21:43:42,4565,448,4,search
06/Feb/2017 21:43:42,4362,4448,4,search
06/Feb/2017 21:43:44,4511,4472,4,search
06/Feb/2017 21:43:44,4565,4436,4,search
06/Feb/2017 21:43:44,4362,4464,4,search
06/Feb/2017 21:43:45,4511,4472,4,search
06/Feb/2017 21:43:45,4565,4448,4,search
06/Feb/2017 21:43:45,4362,4468,4,search
06/Feb/2017 21:43:47,4511,4416,4,search
06/Feb/2017 21:43:47,4565,4424,4,search
06/Feb/2017 21:43:47,4362,4468,4,buy
06/Feb/2017 21:43:48,169,2225,2,search
06/Feb/2017 21:43:48,3722,4420,4,search
06/Feb/2017 21:43:48,730,2235,2,buy
06/Feb/2017 21:43:50,602,1130,1,search
06/Feb/2017 21:43:50,3937,3345,3,search
06/Feb/2017 21:43:50,3735,225,2,search
06/Feb/2017 21:43:51,602,1140,1,search
06/Feb/2017 21:43:51,3937,336,3,buy
06/Feb/2017 21:43:52,4064,2210,2,search
06/Feb/2017 21:43:52,423,336,3,search
06/Feb/2017 21:43:52,2318,4476,4,search
06/Feb/2017 21:43:54,4064,225,2,search
06/Feb/2017 21:43:54,423,3336,3,search
06/Feb/2017 21:43:54,2318,4448,4,search
06/Feb/2017 21:43:55,4064,2230,2,search
06/Feb/2017 21:43:55,423,3318,3,search
06/Feb/2017 21:43:55,2318,448,4,search
06/Feb/2017 21:43:57,4064,2240,2,search
06/Feb/2017 21:43:57,423,3327,3,search
06/Feb/2017 21:43:57,2318,4456,4,search
06/Feb/2017 21:43:58,4064,2230,2,search
06/Feb/2017 21:43:58,423,3336,3,search
06/Feb/2017 21:43:58,2318,4468,4,search
06/Feb/2017 21:44:00,4064,2235,2,search
06/Feb/2017 21:44:00,423,3330,3,search
06/Feb/2017 21:44:00,2318,4476,4,search
06/Feb/2017 21:44:01,4064,2245,2,search
06/Feb/2017 21:44:01,423,3321,3,search
06/Feb/2017 21:44:01,2318,4424,4,search
06/Feb/2017 21:44:03,4064,2225,2,search
06/Feb/2017 21:44:03,423,3321,3,search
06/Feb/2017 21:44:03,2318,4452,4,search
06/Feb/2017 21:44:04,4064,2240,2,search
06/Feb/2017 21:44:04,423,3327,3,search
06/Feb/2017 21:44:04,2318,4464,4,buy
06/Feb/2017 21:44:06,2657,3324,3,search
06/Feb/2017 21:44:06,3791,448,4,search
06/Feb/2017 21:44:06,508,2240,2,search
06/Feb/2017 21:44:07,2657,3342,3,buy
06/Feb/2017 21:44:08,2129,2210,2,search
06/Feb/2017 21:44:08,1859,1110,1,search
06/Feb/2017 21:44:08,2654,3327,3,search
06/Feb/2017 21:44:09,2129,2235,2,search
06/Feb/2017 21:44:09,1859,1110,1,buy
06/Feb/2017 21:44:10,3234,1110,1,search
06/Feb/2017 21:44:10,689,4468,4,search
06/Feb/2017 21:44:10,1303,4460,4,search
06/Feb/2017 21:44:12,3234,1150,1,search
06/Feb/2017 21:44:12,689,4472,4,search
06/Feb/2017 21:44:12,1303,4436,4,search
06/Feb/2017 21:44:13,3234,1130,1,search
06/Feb/2017 21:44:13,689,4436,4,search
06/Feb/2017 21:44:13,1303,4480,4,search
06/Feb/2017 21:44:15,3234,1120,1,search
06/Feb/2017 21:44:15,689,4436,4,search
06/Feb/2017 21:44:15,1303,4472,4,search
06/Feb/2017 21:44:16,3234,1110,1,search
06/Feb/2017 21:44:16,689,4472,4,buy
06/Feb/2017 21:44:17,2935,336,3,search
06/Feb/2017 21:44:17,1643,1150,1,search
06/Feb/2017 21:44:17,431,3345,3,search
06/Feb/2017 21:44:19,2935,3345,3,search
06/Feb/2017 21:44:19,1643,1150,1,search
06/Feb/2017 21:44:19,431,3321,3,buy
06/Feb/2017 21:44:20,3679,4456,4,search
06/Feb/2017 21:44:20,1031,2210,2,search
06/Feb/2017 21:44:20,4738,4424,4,search
06/Feb/2017 21:44:22,3679,4420,4,buy
06/Feb/2017 21:44:23,2146,2220,2,search
06/Feb/2017 21:44:23,3681,3315,3,search
06/Feb/2017 21:44:23,4467,1110,1,search
06/Feb/2017 21:44:24,2146,2215,2,search
06/Feb/2017 21:44:24,3681,3324,3,search
06/Feb/2017 21:44:24,4467,1130,1,search
06/Feb/2017 21:44:26,2146,2230,2,search
06/Feb/2017 21:44:26,3681,3321,3,search
06/Feb/2017 21:44:26,4467,1140,1,search
06/Feb/2017 21:44:27,2146,2225,2,search
06/Feb/2017 21:44:27,3681,3321,3,search
06/Feb/2017 21:44:27,4467,1130,1,search
06/Feb/2017 21:44:29,2146,2210,2,search
06/Feb/2017 21:44:29,3681,339,3,search
06/Feb/2017 21:44:29,4467,1150,1,search
06/Feb/2017 21:44:30,2146,225,2,search
06/Feb/2017 21:44:30,3681,3315,3,search
06/Feb/2017 21:44:30,4467,1130,1,search
06/Feb/2017 21:44:32,2146,225,2,search
06/Feb/2017 21:44:32,3681,3324,3,search
06/Feb/2017 21:44:32,4467,1150,1,search
06/Feb/2017 21:44:33,2146,2250,2,search
06/Feb/2017 21:44:33,3681,3324,3,search
06/Feb/2017 21:44:33,4467,1110,1,search
06/Feb/2017 21:44:35,2146,2215,2,search
06/Feb/2017 21:44:35,3681,3342,3,search
06/Feb/2017 21:44:35,4467,1140,1,buy
06/Feb/2017 21:44:36,359,2220,2,search
06/Feb/2017 21:44:36,4464,4444,4,search
06/Feb/2017 21:44:36,4090,2220,2,search
06/Feb/2017 21:44:38,359,225,2,buy
06/Feb/2017 21:44:38,2241,1110,1,buy
06/Feb/2017 21:44:39,3983,1110,1,search
06/Feb/2017 21:44:39,1473,4440,4,search
06/Feb/2017 21:44:39,1840,4440,4,search
06/Feb/2017 21:44:40,3983,1110,1,search
06/Feb/2017 21:44:40,1473,4464,4,search
06/Feb/2017 21:44:40,1840,4476,4,search
06/Feb/2017 21:44:42,3983,1130,1,search
06/Feb/2017 21:44:42,1473,4464,4,search
06/Feb/2017 21:44:42,1840,4460,4,search
06/Feb/2017 21:44:43,3983,1130,1,buy
06/Feb/2017 21:44:44,126,1150,1,search
06/Feb/2017 21:44:44,1908,3312,3,search
06/Feb/2017 21:44:44,1770,2240,2,search
06/Feb/2017 21:44:45,126,1150,1,search
06/Feb/2017 21:44:45,1908,3345,3,search
06/Feb/2017 21:44:45,1770,2240,2,search
06/Feb/2017 21:44:47,126,1130,1,search
06/Feb/2017 21:44:47,1908,339,3,search
06/Feb/2017 21:44:47,1770,2215,2,search
06/Feb/2017 21:44:48,126,1140,1,search
06/Feb/2017 21:44:48,1908,3339,3,search
06/Feb/2017 21:44:48,1770,2230,2,search
06/Feb/2017 21:44:50,126,1130,1,search
06/Feb/2017 21:44:50,1908,3318,3,search
06/Feb/2017 21:44:50,1770,2245,2,search
06/Feb/2017 21:44:51,126,1120,1,search
06/Feb/2017 21:44:51,1908,3315,3,search
06/Feb/2017 21:44:51,1770,2215,2,search
06/Feb/2017 21:44:53,126,1130,1,search
06/Feb/2017 21:44:53,1908,3318,3,buy
06/Feb/2017 21:44:54,4787,1140,1,search
06/Feb/2017 21:44:54,791,2245,2,search
06/Feb/2017 21:44:54,3215,2210,2,search
06/Feb/2017 21:44:55,4787,1140,1,search
06/Feb/2017 21:44:55,791,2210,2,search
06/Feb/2017 21:44:55,3215,2230,2,search
06/Feb/2017 21:44:57,4787,1110,1,buy
06/Feb/2017 21:44:57,2607,4472,4,search
06/Feb/2017 21:44:57,1822,2235,2,search
06/Feb/2017 21:44:57,1602,3342,3,search
06/Feb/2017 21:44:59,2607,4464,4,search
06/Feb/2017 21:44:59,1822,2230,2,search
06/Feb/2017 21:44:59,1602,3336,3,search
06/Feb/2017 21:45:00,2607,448,4,buy
06/Feb/2017 21:45:01,3611,4436,4,search
06/Feb/2017 21:45:01,2181,1130,1,search
06/Feb/2017 21:45:01,2454,1130,1,search
06/Feb/2017 21:45:02,3611,4440,4,search
06/Feb/2017 21:45:02,2181,1130,1,search
06/Feb/2017 21:45:02,2454,1110,1,search
06/Feb/2017 21:45:04,3611,4428,4,search
06/Feb/2017 21:45:04,2181,1140,1,search
06/Feb/2017 21:45:04,2454,1150,1,search
06/Feb/2017 21:45:05,3611,448,4,search
06/Feb/2017 21:45:05,2181,1120,1,search
06/Feb/2017 21:45:05,2454,1130,1,search
06/Feb/2017 21:45:07,3611,4480,4,search
06/Feb/2017 21:45:07,2181,1140,1,search
06/Feb/2017 21:45:07,2454,1140,1,search
06/Feb/2017 21:45:08,3611,4476,4,search
06/Feb/2017 21:45:08,2181,1120,1,search
06/Feb/2017 21:45:08,2454,1140,1,buy
06/Feb/2017 21:45:10,3909,2245,2,search
06/Feb/2017 21:45:10,4411,2220,2,search
06/Feb/2017 21:45:10,119,2230,2,search
06/Feb/2017 21:45:11,3909,2230,2,search
06/Feb/2017 21:45:11,4411,2240,2,search
06/Feb/2017 21:45:11,119,2225,2,search
06/Feb/2017 21:45:13,3909,2240,2,search
06/Feb/2017 21:45:13,4411,2235,2,search
06/Feb/2017 21:45:13,119,2220,2,search
06/Feb/2017 21:45:14,3909,2210,2,search
06/Feb/2017 21:45:14,4411,2225,2,search
06/Feb/2017 21:45:14,119,2220,2,search
06/Feb/2017 21:45:16,3909,2240,2,search
06/Feb/2017 21:45:16,4411,2230,2,search
06/Feb/2017 21:45:16,119,2215,2,search
06/Feb/2017 21:45:17,3909,2225,2,search
06/Feb/2017 21:45:17,4411,2250,2,search
06/Feb/2017 21:45:17,119,2245,2,search
06/Feb/2017 21:45:19,3909,2240,2,search
06/Feb/2017 21:45:19,4411,2250,2,search
06/Feb/2017 21:45:19,119,2230,2,search
06/Feb/2017 21:45:20,3909,2250,2,search
06/Feb/2017 21:45:20,4411,2225,2,buy
06/Feb/2017 21:45:21,3668,3330,3,search
06/Feb/2017 21:45:21,46,2250,2,search
06/Feb/2017 21:45:21,3536,1150,1,search
06/Feb/2017 21:45:23,3668,3345,3,search
06/Feb/2017 21:45:23,46,2215,2,search
06/Feb/2017 21:45:23,3536,1150,1,search
06/Feb/2017 21:45:24,3668,3318,3,search
06/Feb/2017 21:45:24,46,2210,2,search
06/Feb/2017 21:45:24,3536,1130,1,search
06/Feb/2017 21:45:26,3668,3339,3,search
06/Feb/2017 21:45:26,46,2215,2,search
06/Feb/2017 21:45:26,3536,1110,1,search
06/Feb/2017 21:45:28,3668,3342,3,search
06/Feb/2017 21:45:28,46,2250,2,search
06/Feb/2017 21:45:28,3536,1150,1,search
06/Feb/2017 21:45:29,3668,3321,3,buy
06/Feb/2017 21:45:30,4110,1130,1,search
06/Feb/2017 21:45:30,2379,3330,3,search
06/Feb/2017 21:45:30,2139,339,3,search
06/Feb/2017 21:45:31,4110,1120,1,search
06/Feb/2017 21:45:31,2379,333,3,search
06/Feb/2017 21:45:31,2139,3324,3,search
06/Feb/2017 21:45:33,4110,1150,1,search
06/Feb/2017 21:45:33,2379,333,3,search
06/Feb/2017 21:45:33,2139,333,3,search
06/Feb/2017 21:45:34,4110,1130,1,search
06/Feb/2017 21:45:34,2379,3336,3,search
06/Feb/2017 21:45:34,2139,3339,3,search
06/Feb/2017 21:45:36,4110,1150,1,search
06/Feb/2017 21:45:36,2379,3312,3,search
06/Feb/2017 21:45:36,2139,333,3,search
06/Feb/2017 21:45:37,4110,1140,1,buy
06/Feb/2017 21:45:38,380,4424,4,search
06/Feb/2017 21:45:38,1397,225,2,search
06/Feb/2017 21:45:38,1716,1120,1,search
06/Feb/2017 21:45:39,380,4448,4,search
06/Feb/2017 21:45:39,1397,2215,2,search
06/Feb/2017 21:45:39,1716,1120,1,search
06/Feb/2017 21:45:41,380,4440,4,search
06/Feb/2017 21:45:41,1397,2225,2,search
06/Feb/2017 21:45:41,1716,1110,1,search
06/Feb/2017 21:45:42,380,4448,4,search
06/Feb/2017 21:45:42,1397,2240,2,search
06/Feb/2017 21:45:42,1716,1150,1,search
06/Feb/2017 21:45:44,380,4420,4,search
06/Feb/2017 21:45:44,1397,2215,2,search
06/Feb/2017 21:45:44,1716,1130,1,search
06/Feb/2017 21:45:45,380,4476,4,search
06/Feb/2017 21:45:45,1397,2220,2,search
06/Feb/2017 21:45:45,1716,1130,1,search
06/Feb/2017 21:45:47,380,4420,4,search
06/Feb/2017 21:45:47,1397,2240,2,search
06/Feb/2017 21:45:47,1716,1110,1,search
06/Feb/2017 21:45:48,380,4412,4,search
06/Feb/2017 21:45:48,1397,225,2,search
06/Feb/2017 21:45:48,1716,1150,1,search
06/Feb/2017 21:45:50,380,4444,4,search
06/Feb/2017 21:45:50,1397,2230,2,search
06/Feb/2017 21:45:50,1716,1110,1,search
06/Feb/2017 21:45:51,380,4444,4,search
06/Feb/2017 21:45:51,1397,2235,2,search
06/Feb/2017 21:45:51,1716,1120,1,search
06/Feb/2017 21:45:53,380,4424,4,search
06/Feb/2017 21:45:53,1397,2215,2,search
06/Feb/2017 21:45:53,1716,1130,1,search
06/Feb/2017 21:45:54,380,444,4,search
06/Feb/2017 21:45:54,1397,2230,2,search
06/Feb/2017 21:45:54,1716,1150,1,search
06/Feb/2017 21:45:56,380,4456,4,buy
06/Feb/2017 21:45:56,744,3339,3,search
06/Feb/2017 21:45:56,503,1110,1,search
06/Feb/2017 21:45:56,3932,4468,4,search
06/Feb/2017 21:45:58,744,3327,3,search
06/Feb/2017 21:45:58,503,1120,1,search
06/Feb/2017 21:45:58,3932,4476,4,search
06/Feb/2017 21:45:59,744,3336,3,search
06/Feb/2017 21:45:59,503,1150,1,search
06/Feb/2017 21:45:59,3932,4456,4,search
06/Feb/2017 21:46:01,744,3342,3,search
06/Feb/2017 21:46:01,503,1150,1,search
06/Feb/2017 21:46:01,3932,444,4,search
06/Feb/2017 21:46:02,744,3315,3,search
06/Feb/2017 21:46:02,503,1150,1,search
06/Feb/2017 21:46:02,3932,4444,4,search
06/Feb/2017 21:46:04,744,3342,3,search
06/Feb/2017 21:46:04,503,1150,1,search
06/Feb/2017 21:46:04,3932,448,4,search
06/Feb/2017 21:46:05,744,3321,3,search
06/Feb/2017 21:46:05,503,1130,1,search
06/Feb/2017 21:46:05,3932,4468,4,search
06/Feb/2017 21:46:07,744,3339,3,search
06/Feb/2017 21:46:07,503,1110,1,search
06/Feb/2017 21:46:07,3932,444,4,search
06/Feb/2017 21:46:08,744,3333,3,search
06/Feb/2017 21:46:08,503,1120,1,search
06/Feb/2017 21:46:08,3932,4472,4,search
06/Feb/2017 21:46:10,744,3324,3,search
06/Feb/2017 21:46:10,503,1130,1,search
06/Feb/2017 21:46:10,3932,4428,4,search
06/Feb/2017 21:46:11,744,3339,3,search
06/Feb/2017 21:46:11,503,1140,1,search
06/Feb/2017 21:46:11,3932,4464,4,search
06/Feb/2017 21:46:13,744,3318,3,search
06/Feb/2017 21:46:13,503,1130,1,search
06/Feb/2017 21:46:13,3932,4480,4,search
06/Feb/2017 21:46:14,744,333,3,search
06/Feb/2017 21:46:14,503,1150,1,search
06/Feb/2017 21:46:14,3932,4472,4,search
06/Feb/2017 21:46:16,744,3339,3,buy
06/Feb/2017 21:46:16,4784,2225,2,search
06/Feb/2017 21:46:16,1438,2245,2,search
06/Feb/2017 21:46:16,4180,444,4,search
06/Feb/2017 21:46:18,4784,2240,2,search
06/Feb/2017 21:46:18,1438,2230,2,buy
06/Feb/2017 21:46:19,2538,1150,1,search
06/Feb/2017 21:46:19,3833,333,3,search
06/Feb/2017 21:46:19,2367,2250,2,search
06/Feb/2017 21:46:20,2538,1130,1,search
06/Feb/2017 21:46:20,3833,3318,3,search
06/Feb/2017 21:46:20,2367,2235,2,search
06/Feb/2017 21:46:22,2538,1150,1,search
06/Feb/2017 21:46:22,3833,3312,3,search
06/Feb/2017 21:46:22,2367,2230,2,buy
06/Feb/2017 21:46:23,1461,1120,1,search
06/Feb/2017 21:46:23,1765,1120,1,search
06/Feb/2017 21:46:23,2670,4424,4,search
06/Feb/2017 21:46:25,1461,1140,1,search
06/Feb/2017 21:46:25,1765,1110,1,search
06/Feb/2017 21:46:25,2670,4444,4,search
06/Feb/2017 21:46:26,1461,1150,1,search
06/Feb/2017 21:46:26,1765,1150,1,search
06/Feb/2017 21:46:26,2670,4436,4,search
06/Feb/2017 21:46:28,1461,1130,1,search
06/Feb/2017 21:46:28,1765,1140,1,search
06/Feb/2017 21:46:28,2670,4444,4,search
06/Feb/2017 21:46:30,1461,1150,1,search
06/Feb/2017 21:46:30,1765,1150,1,search
06/Feb/2017 21:46:30,2670,448,4,search
06/Feb/2017 21:46:31,1461,1130,1,search
06/Feb/2017 21:46:31,1765,1140,1,search
06/Feb/2017 21:46:31,2670,4460,4,search
06/Feb/2017 21:46:33,1461,1110,1,search
06/Feb/2017 21:46:33,1765,1130,1,search
06/Feb/2017 21:46:33,2670,4464,4,search
06/Feb/2017 21:46:34,1461,1150,1,search
06/Feb/2017 21:46:34,1765,1120,1,search
06/Feb/2017 21:46:34,2670,4420,4,search
06/Feb/2017 21:46:36,1461,1140,1,search
06/Feb/2017 21:46:36,1765,1140,1,search
06/Feb/2017 21:46:36,2670,4468,4,search
06/Feb/2017 21:46:37,1461,1140,1,search
06/Feb/2017 21:46:37,1765,1120,1,search
06/Feb/2017 21:46:37,2670,4416,4,search
06/Feb/2017 21:46:39,1461,1130,1,search
06/Feb/2017 21:46:39,1765,1140,1,buy
06/Feb/2017 21:46:40,2503,2240,2,search
06/Feb/2017 21:46:40,174,4480,4,search
06/Feb/2017 21:46:40,2969,4420,4,search
06/Feb/2017 21:46:41,2503,2210,2,search
06/Feb/2017 21:46:41,174,4432,4,search
06/Feb/2017 21:46:41,2969,4480,4,search
06/Feb/2017 21:46:43,2503,2220,2,search
06/Feb/2017 21:46:43,174,4432,4,search
06/Feb/2017 21:46:43,2969,4416,4,search
06/Feb/2017 21:46:44,2503,2215,2,search
06/Feb/2017 21:46:44,174,444,4,search
06/Feb/2017 21:46:44,2969,4460,4,search
06/Feb/2017 21:46:46,2503,2210,2,search
06/Feb/2017 21:46:46,174,4460,4,search
06/Feb/2017 21:46:46,2969,4460,4,search
06/Feb/2017 21:46:47,2503,2245,2,search
06/Feb/2017 21:46:47,174,4436,4,search
06/Feb/2017 21:46:47,2969,4428,4,search
06/Feb/2017 21:46:49,2503,2235,2,search
06/Feb/2017 21:46:49,174,4432,4,search
06/Feb/2017 21:46:49,2969,4444,4,search
06/Feb/2017 21:46:50,2503,2250,2,search
06/Feb/2017 21:46:50,174,4472,4,search
06/Feb/2017 21:46:50,2969,4428,4,search
06/Feb/2017 21:46:52,2503,2225,2,search
06/Feb/2017 21:46:52,174,4440,4,search
06/Feb/2017 21:46:52,2969,4480,4,search
06/Feb/2017 21:46:53,2503,2220,2,search
06/Feb/2017 21:46:53,174,4468,4,search
06/Feb/2017 21:46:53,2969,448,4,search
06/Feb/2017 21:46:55,2503,2245,2,search
06/Feb/2017 21:46:55,174,4436,4,search
06/Feb/2017 21:46:55,2969,4468,4,buy
06/Feb/2017 21:46:56,4230,2210,2,search
06/Feb/2017 21:46:56,2692,1110,1,search
06/Feb/2017 21:46:56,4025,3342,3,search
06/Feb/2017 21:46:58,4230,2250,2,search
06/Feb/2017 21:46:58,2692,1140,1,search
06/Feb/2017 21:46:58,4025,3327,3,search
06/Feb/2017 21:46:59,4230,2235,2,search
06/Feb/2017 21:46:59,2692,1140,1,search
06/Feb/2017 21:46:59,4025,3330,3,search
06/Feb/2017 21:47:01,4230,2235,2,search
06/Feb/2017 21:47:01,2692,1120,1,search
06/Feb/2017 21:47:01,4025,3342,3,search
06/Feb/2017 21:47:02,4230,2235,2,search
06/Feb/2017 21:47:02,2692,1140,1,search
06/Feb/2017 21:47:02,4025,3333,3,search
06/Feb/2017 21:47:04,4230,2225,2,search
06/Feb/2017 21:47:04,2692,1150,1,search
06/Feb/2017 21:47:04,4025,3321,3,search
06/Feb/2017 21:47:05,4230,2210,2,search
06/Feb/2017 21:47:05,2692,1130,1,search
06/Feb/2017 21:47:05,4025,3336,3,search
06/Feb/2017 21:47:07,4230,2235,2,search
06/Feb/2017 21:47:07,2692,1110,1,search
06/Feb/2017 21:47:07,4025,3321,3,search
06/Feb/2017 21:47:08,4230,225,2,search
06/Feb/2017 21:47:08,2692,1120,1,search
06/Feb/2017 21:47:08,4025,3330,3,search
06/Feb/2017 21:47:10,4230,2210,2,search
06/Feb/2017 21:47:10,2692,1120,1,search
06/Feb/2017 21:47:10,4025,3345,3,search
06/Feb/2017 21:47:12,4230,2240,2,search
06/Feb/2017 21:47:12,2692,1110,1,search
06/Feb/2017 21:47:12,4025,3315,3,search
06/Feb/2017 21:47:13,4230,2250,2,search
06/Feb/2017 21:47:13,2692,1130,1,search
06/Feb/2017 21:47:13,4025,3312,3,buy
06/Feb/2017 21:47:15,499,4420,4,search
06/Feb/2017 21:47:15,1834,1140,1,search
06/Feb/2017 21:47:15,1541,2240,2,search
06/Feb/2017 21:47:16,499,444,4,search
06/Feb/2017 21:47:16,1834,1120,1,search
06/Feb/2017 21:47:16,1541,2250,2,search
06/Feb/2017 21:47:18,499,4420,4,search
06/Feb/2017 21:47:18,1834,1120,1,search
06/Feb/2017 21:47:18,1541,2240,2,search
06/Feb/2017 21:47:19,499,4468,4,search
06/Feb/2017 21:47:19,1834,1140,1,buy
06/Feb/2017 21:47:20,1475,4460,4,search
06/Feb/2017 21:47:20,1160,2240,2,search
06/Feb/2017 21:47:20,4833,2220,2,search
06/Feb/2017 21:47:22,1475,4468,4,search
06/Feb/2017 21:47:22,1160,2220,2,search
06/Feb/2017 21:47:22,4833,2215,2,search
06/Feb/2017 21:47:23,1475,4452,4,search
06/Feb/2017 21:47:23,1160,2250,2,search
06/Feb/2017 21:47:23,4833,2225,2,buy
06/Feb/2017 21:47:25,1344,1150,1,search
06/Feb/2017 21:47:25,1555,1150,1,search
06/Feb/2017 21:47:25,2910,3336,3,search
06/Feb/2017 21:47:26,1344,1130,1,buy
06/Feb/2017 21:47:27,3074,2215,2,search
06/Feb/2017 21:47:27,3994,444,4,search
06/Feb/2017 21:47:27,961,1120,1,search
06/Feb/2017 21:47:28,3074,2240,2,buy
06/Feb/2017 21:47:29,4684,2250,2,search
06/Feb/2017 21:47:29,1871,2250,2,search
06/Feb/2017 21:47:29,615,1150,1,search
06/Feb/2017 21:47:30,4684,2225,2,search
06/Feb/2017 21:47:30,1871,2210,2,search
06/Feb/2017 21:47:30,615,1110,1,search
06/Feb/2017 21:47:32,4684,2220,2,search
06/Feb/2017 21:47:32,1871,2230,2,search
06/Feb/2017 21:47:32,615,1130,1,search
06/Feb/2017 21:47:33,4684,2210,2,search
06/Feb/2017 21:47:33,1871,2235,2,search
06/Feb/2017 21:47:33,615,1130,1,search
06/Feb/2017 21:47:35,4684,2220,2,search
06/Feb/2017 21:47:35,1871,2245,2,search
06/Feb/2017 21:47:35,615,1120,1,search
06/Feb/2017 21:47:36,4684,225,2,search
06/Feb/2017 21:47:36,1871,2235,2,search
06/Feb/2017 21:47:36,615,1150,1,search
06/Feb/2017 21:47:38,4684,2210,2,search
06/Feb/2017 21:47:38,1871,2240,2,search
06/Feb/2017 21:47:38,615,1130,1,buy
06/Feb/2017 21:47:39,2337,444,4,search
06/Feb/2017 21:47:39,2517,2245,2,search
06/Feb/2017 21:47:39,3608,339,3,search
06/Feb/2017 21:47:41,2337,4416,4,search
06/Feb/2017 21:47:41,2517,225,2,buy
06/Feb/2017 21:47:42,1509,2240,2,search
06/Feb/2017 21:47:42,3125,1130,1,search
06/Feb/2017 21:47:42,1696,4468,4,buy
06/Feb/2017 21:47:43,4219,1130,1,search
06/Feb/2017 21:47:43,558,4456,4,search
06/Feb/2017 21:47:43,2021,3330,3,search
06/Feb/2017 21:47:45,4219,1140,1,search
06/Feb/2017 21:47:45,558,4452,4,search
06/Feb/2017 21:47:45,2021,3321,3,search
06/Feb/2017 21:47:46,4219,1150,1,search
06/Feb/2017 21:47:46,558,4476,4,search
06/Feb/2017 21:47:46,2021,336,3,search
06/Feb/2017 21:47:48,4219,1140,1,search
06/Feb/2017 21:47:48,558,4480,4,search
06/Feb/2017 21:47:48,2021,333,3,search
06/Feb/2017 21:47:50,4219,1120,1,search
06/Feb/2017 21:47:50,558,4452,4,search
06/Feb/2017 21:47:50,2021,3318,3,search
06/Feb/2017 21:47:51,4219,1130,1,search
06/Feb/2017 21:47:51,558,4448,4,search
06/Feb/2017 21:47:51,2021,3333,3,search
06/Feb/2017 21:47:53,4219,1120,1,search
06/Feb/2017 21:47:53,558,4444,4,search
06/Feb/2017 21:47:53,2021,3342,3,search
06/Feb/2017 21:47:54,4219,1110,1,search
06/Feb/2017 21:47:54,558,4448,4,search
06/Feb/2017 21:47:54,2021,3315,3,search
06/Feb/2017 21:47:56,4219,1150,1,search
06/Feb/2017 21:47:56,558,4460,4,search
06/Feb/2017 21:47:56,2021,3327,3,search
06/Feb/2017 21:47:57,4219,1110,1,search
06/Feb/2017 21:47:57,558,4416,4,search
06/Feb/2017 21:47:57,2021,3339,3,search
06/Feb/2017 21:47:59,4219,1140,1,search
06/Feb/2017 21:47:59,558,4428,4,search
06/Feb/2017 21:47:59,2021,3312,3,search
06/Feb/2017 21:48:00,4219,1120,1,search
06/Feb/2017 21:48:00,558,4456,4,search
06/Feb/2017 21:48:00,2021,3342,3,search
06/Feb/2017 21:48:02,4219,1120,1,search
06/Feb/2017 21:48:02,558,4456,4,buy
06/Feb/2017 21:48:03,284,3342,3,search
06/Feb/2017 21:48:03,3656,3333,3,search
06/Feb/2017 21:48:03,1576,2225,2,search
06/Feb/2017 21:48:04,284,333,3,search
06/Feb/2017 21:48:04,3656,339,3,search
06/Feb/2017 21:48:04,1576,225,2,search
06/Feb/2017 21:48:06,284,3330,3,search
06/Feb/2017 21:48:06,3656,3339,3,search
06/Feb/2017 21:48:06,1576,2235,2,search
06/Feb/2017 21:48:07,284,3318,3,search
06/Feb/2017 21:48:07,3656,3333,3,search
06/Feb/2017 21:48:07,1576,225,2,search
06/Feb/2017 21:48:09,284,3339,3,search
06/Feb/2017 21:48:09,3656,3345,3,search
06/Feb/2017 21:48:09,1576,2235,2,search
06/Feb/2017 21:48:10,284,3336,3,search
06/Feb/2017 21:48:10,3656,339,3,search
06/Feb/2017 21:48:10,1576,2235,2,search
06/Feb/2017 21:48:12,284,336,3,search
06/Feb/2017 21:48:12,3656,336,3,search
06/Feb/2017 21:48:12,1576,2210,2,search
06/Feb/2017 21:48:13,284,3333,3,search
06/Feb/2017 21:48:13,3656,3327,3,search
06/Feb/2017 21:48:13,1576,225,2,search
06/Feb/2017 21:48:15,284,3333,3,search
06/Feb/2017 21:48:15,3656,339,3,buy
06/Feb/2017 21:48:16,1325,3318,3,search
06/Feb/2017 21:48:16,2928,2215,2,search
06/Feb/2017 21:48:16,3391,2225,2,search
06/Feb/2017 21:48:17,1325,3330,3,search
06/Feb/2017 21:48:17,2928,2240,2,search
06/Feb/2017 21:48:17,3391,2210,2,search
06/Feb/2017 21:48:19,1325,3321,3,search
06/Feb/2017 21:48:19,2928,2220,2,search
06/Feb/2017 21:48:19,3391,2215,2,search
06/Feb/2017 21:48:20,1325,3336,3,search
06/Feb/2017 21:48:20,2928,2250,2,search
06/Feb/2017 21:48:20,3391,2235,2,search
06/Feb/2017 21:48:22,1325,3333,3,search
06/Feb/2017 21:48:22,2928,2230,2,search
06/Feb/2017 21:48:22,3391,2220,2,search
06/Feb/2017 21:48:23,1325,3330,3,search
06/Feb/2017 21:48:23,2928,2230,2,search
06/Feb/2017 21:48:23,3391,2220,2,search
06/Feb/2017 21:48:25,1325,3324,3,search
06/Feb/2017 21:48:25,2928,2245,2,search
06/Feb/2017 21:48:25,3391,2250,2,search
06/Feb/2017 21:48:26,1325,3342,3,search
06/Feb/2017 21:48:26,2928,2235,2,search
06/Feb/2017 21:48:26,3391,2215,2,search
06/Feb/2017 21:48:28,1325,333,3,search
06/Feb/2017 21:48:28,2928,2235,2,search
06/Feb/2017 21:48:28,3391,2210,2,search
06/Feb/2017 21:48:29,1325,333,3,search
06/Feb/2017 21:48:29,2928,2235,2,search
06/Feb/2017 21:48:29,3391,2245,2,search
06/Feb/2017 21:48:31,1325,339,3,search
06/Feb/2017 21:48:31,2928,2220,2,search
06/Feb/2017 21:48:31,3391,2245,2,search
06/Feb/2017 21:48:32,1325,333,3,search
06/Feb/2017 21:48:32,2928,2250,2,search
06/Feb/2017 21:48:32,3391,2230,2,search
06/Feb/2017 21:48:34,1325,336,3,search
06/Feb/2017 21:48:34,2928,2215,2,search
06/Feb/2017 21:48:34,3391,2250,2,search
06/Feb/2017 21:48:35,1325,333,3,search
06/Feb/2017 21:48:35,2928,2235,2,search
06/Feb/2017 21:48:35,3391,2225,2,search
06/Feb/2017 21:48:37,1325,3312,3,search
06/Feb/2017 21:48:37,2928,2225,2,search
06/Feb/2017 21:48:37,3391,2240,2,search
06/Feb/2017 21:48:39,1325,3339,3,search
06/Feb/2017 21:48:39,2928,2250,2,search
06/Feb/2017 21:48:39,3391,2240,2,search
06/Feb/2017 21:48:40,1325,3312,3,search
06/Feb/2017 21:48:40,2928,2250,2,buy
06/Feb/2017 21:48:41,4067,3327,3,search
06/Feb/2017 21:48:41,4177,4448,4,search
06/Feb/2017 21:48:41,1996,4460,4,search
06/Feb/2017 21:48:43,4067,333,3,search
06/Feb/2017 21:48:43,4177,4460,4,search
06/Feb/2017 21:48:43,1996,4444,4,search
06/Feb/2017 21:48:44,4067,3339,3,search
06/Feb/2017 21:48:44,4177,4412,4,search
06/Feb/2017 21:48:44,1996,4448,4,search
06/Feb/2017 21:48:46,4067,3342,3,search
06/Feb/2017 21:48:46,4177,448,4,search
06/Feb/2017 21:48:46,1996,4476,4,search
06/Feb/2017 21:48:47,4067,3321,3,search
06/Feb/2017 21:48:47,4177,4480,4,search
06/Feb/2017 21:48:47,1996,444,4,search
06/Feb/2017 21:48:49,4067,336,3,search
06/Feb/2017 21:48:49,4177,448,4,search
06/Feb/2017 21:48:49,1996,4460,4,search
06/Feb/2017 21:48:50,4067,339,3,search
06/Feb/2017 21:48:50,4177,4416,4,search
06/Feb/2017 21:48:50,1996,4448,4,search
06/Feb/2017 21:48:52,4067,3324,3,search
06/Feb/2017 21:48:52,4177,4416,4,search
06/Feb/2017 21:48:52,1996,4424,4,search
06/Feb/2017 21:48:53,4067,333,3,search
06/Feb/2017 21:48:53,4177,4436,4,search
06/Feb/2017 21:48:53,1996,4444,4,search
06/Feb/2017 21:48:55,4067,336,3,search
06/Feb/2017 21:48:55,4177,4424,4,search
06/Feb/2017 21:48:55,1996,4456,4,search
06/Feb/2017 21:48:56,4067,333,3,search
06/Feb/2017 21:48:56,4177,444,4,search
06/Feb/2017 21:48:56,1996,4452,4,search
06/Feb/2017 21:48:58,4067,3333,3,search
06/Feb/2017 21:48:58,4177,4468,4,search
06/Feb/2017 21:48:58,1996,4424,4,search
06/Feb/2017 21:48:59,4067,336,3,search
06/Feb/2017 21:48:59,4177,4460,4,search
06/Feb/2017 21:48:59,1996,4440,4,search
06/Feb/2017 21:49:01,4067,3345,3,search
06/Feb/2017 21:49:01,4177,4412,4,search
06/Feb/2017 21:49:01,1996,4420,4,search
06/Feb/2017 21:49:02,4067,3324,3,search
06/Feb/2017 21:49:02,4177,4432,4,search
06/Feb/2017 21:49:02,1996,4480,4,search
06/Feb/2017 21:49:04,4067,3321,3,search
06/Feb/2017 21:49:04,4177,444,4,search
06/Feb/2017 21:49:04,1996,4476,4,search
06/Feb/2017 21:49:05,4067,3339,3,search
06/Feb/2017 21:49:05,4177,4432,4,search
06/Feb/2017 21:49:05,1996,4412,4,search
06/Feb/2017 21:49:07,4067,3333,3,search
06/Feb/2017 21:49:07,4177,4420,4,search
06/Feb/2017 21:49:07,1996,4432,4,search
06/Feb/2017 21:49:08,4067,3333,3,search
06/Feb/2017 21:49:08,4177,4416,4,search
06/Feb/2017 21:49:08,1996,4444,4,search
06/Feb/2017 21:49:10,4067,3315,3,search
06/Feb/2017 21:49:10,4177,4444,4,search
06/Feb/2017 21:49:10,1996,4428,4,search
06/Feb/2017 21:49:11,290,3339,3,search
06/Feb/2017 21:49:11,502,1110,1,search
06/Feb/2017 21:49:11,602,4480,4,search
06/Feb/2017 21:49:13,290,3333,3,search
06/Feb/2017 21:49:13,502,1130,1,search
06/Feb/2017 21:49:13,602,4460,4,search
06/Feb/2017 21:49:15,290,3312,3,search
06/Feb/2017 21:49:15,502,1120,1,search
06/Feb/2017 21:49:15,602,4472,4,search
06/Feb/2017 21:49:16,290,3345,3,search
06/Feb/2017 21:49:16,502,1120,1,search
06/Feb/2017 21:49:16,602,4476,4,buy
06/Feb/2017 21:49:18,4724,3318,3,search
06/Feb/2017 21:49:18,3161,339,3,search
06/Feb/2017 21:49:18,3380,4412,4,search
06/Feb/2017 21:49:19,4724,333,3,search
06/Feb/2017 21:49:19,3161,3318,3,buy
06/Feb/2017 21:49:20,2562,336,3,search
06/Feb/2017 21:49:20,1422,3345,3,search
06/Feb/2017 21:49:20,855,4444,4,search
06/Feb/2017 21:49:22,2562,3336,3,search
06/Feb/2017 21:49:22,1422,3336,3,search
06/Feb/2017 21:49:22,855,4476,4,search
06/Feb/2017 21:49:23,2562,3330,3,search
06/Feb/2017 21:49:23,1422,3318,3,search
06/Feb/2017 21:49:23,855,4432,4,search
06/Feb/2017 21:49:25,2562,3345,3,search
06/Feb/2017 21:49:25,1422,3315,3,search
06/Feb/2017 21:49:25,855,4444,4,search
06/Feb/2017 21:49:26,2562,333,3,search
06/Feb/2017 21:49:26,1422,3330,3,search
06/Feb/2017 21:49:26,855,4436,4,search
06/Feb/2017 21:49:28,2562,3318,3,search
06/Feb/2017 21:49:28,1422,3342,3,buy
06/Feb/2017 21:49:29,1576,1110,1,search
06/Feb/2017 21:49:29,4108,1110,1,search
06/Feb/2017 21:49:29,4489,4472,4,search
06/Feb/2017 21:49:30,1576,1140,1,search
06/Feb/2017 21:49:30,4108,1110,1,search
06/Feb/2017 21:49:30,4489,4468,4,search
06/Feb/2017 21:49:32,1576,1140,1,search
06/Feb/2017 21:49:32,4108,1130,1,search
06/Feb/2017 21:49:32,4489,4448,4,search
06/Feb/2017 21:49:33,1576,1150,1,search
06/Feb/2017 21:49:33,4108,1110,1,search
06/Feb/2017 21:49:33,4489,4432,4,search
06/Feb/2017 21:49:35,1576,1120,1,search
06/Feb/2017 21:49:35,4108,1120,1,search
06/Feb/2017 21:49:35,4489,4468,4,search
06/Feb/2017 21:49:36,1576,1110,1,search
06/Feb/2017 21:49:36,4108,1150,1,search
06/Feb/2017 21:49:36,4489,4412,4,search
06/Feb/2017 21:49:38,1576,1130,1,search
06/Feb/2017 21:49:38,4108,1130,1,search
06/Feb/2017 21:49:38,4489,4464,4,search
06/Feb/2017 21:49:39,1576,1110,1,search
06/Feb/2017 21:49:39,4108,1130,1,search
06/Feb/2017 21:49:39,4489,4424,4,search
06/Feb/2017 21:49:41,1576,1140,1,search
06/Feb/2017 21:49:41,4108,1140,1,search
06/Feb/2017 21:49:41,4489,4468,4,search
06/Feb/2017 21:49:42,1576,1150,1,search
06/Feb/2017 21:49:42,4108,1130,1,search
06/Feb/2017 21:49:42,4489,4444,4,search
06/Feb/2017 21:49:44,1576,1120,1,search
06/Feb/2017 21:49:44,4108,1150,1,search
06/Feb/2017 21:49:44,4489,4476,4,search
06/Feb/2017 21:49:45,1576,1150,1,search
06/Feb/2017 21:49:45,4108,1120,1,search
06/Feb/2017 21:49:45,4489,4476,4,search
06/Feb/2017 21:49:47,1576,1140,1,search
06/Feb/2017 21:49:47,4108,1110,1,search
06/Feb/2017 21:49:47,4489,448,4,search
06/Feb/2017 21:49:48,1576,1140,1,search
06/Feb/2017 21:49:48,4108,1120,1,search
06/Feb/2017 21:49:48,4489,4460,4,search
06/Feb/2017 21:49:50,1576,1140,1,search
06/Feb/2017 21:49:50,4108,1140,1,search
06/Feb/2017 21:49:50,4489,4456,4,search
06/Feb/2017 21:49:51,1576,1120,1,search
06/Feb/2017 21:49:51,4108,1130,1,search
06/Feb/2017 21:49:51,4489,4448,4,search
06/Feb/2017 21:49:53,1576,1120,1,search
06/Feb/2017 21:49:53,4108,1150,1,search
06/Feb/2017 21:49:53,4489,4440,4,search
06/Feb/2017 21:49:54,1576,1120,1,search
06/Feb/2017 21:49:54,4108,1150,1,search
06/Feb/2017 21:49:54,4489,444,4,search
06/Feb/2017 21:49:56,1576,1130,1,search
06/Feb/2017 21:49:56,4108,1130,1,buy
06/Feb/2017 21:49:57,4773,4420,4,search
06/Feb/2017 21:49:57,1103,4416,4,search
06/Feb/2017 21:49:57,1477,1130,1,search
06/Feb/2017 21:49:58,4773,448,4,search
06/Feb/2017 21:49:58,1103,4460,4,search
06/Feb/2017 21:49:58,1477,1140,1,search
06/Feb/2017 21:50:00,4773,4464,4,search
06/Feb/2017 21:50:00,1103,4412,4,search
06/Feb/2017 21:50:00,1477,1120,1,search
06/Feb/2017 21:50:01,4773,4460,4,buy
06/Feb/2017 21:50:02,4523,3315,3,search
06/Feb/2017 21:50:02,244,3333,3,search
06/Feb/2017 21:50:02,4236,4436,4,search
06/Feb/2017 21:50:03,4523,3324,3,search
06/Feb/2017 21:50:03,244,3318,3,search
06/Feb/2017 21:50:03,4236,4472,4,search
06/Feb/2017 21:50:05,4523,3330,3,search
06/Feb/2017 21:50:05,244,3312,3,search
06/Feb/2017 21:50:05,4236,4476,4,search
06/Feb/2017 21:50:06,4523,3318,3,buy
06/Feb/2017 21:50:07,1922,4420,4,search
06/Feb/2017 21:50:07,519,4440,4,search
06/Feb/2017 21:50:07,424,4444,4,search
06/Feb/2017 21:50:08,1922,4444,4,search
06/Feb/2017 21:50:08,519,4444,4,search
06/Feb/2017 21:50:08,424,4460,4,search
06/Feb/2017 21:50:10,1922,4452,4,search
06/Feb/2017 21:50:10,519,4420,4,search
06/Feb/2017 21:50:10,424,4436,4,search
06/Feb/2017 21:50:11,1922,4456,4,search
06/Feb/2017 21:50:11,519,4480,4,search
06/Feb/2017 21:50:11,424,444,4,search
06/Feb/2017 21:50:13,1922,4416,4,search
06/Feb/2017 21:50:13,519,4440,4,search
06/Feb/2017 21:50:13,424,4476,4,search
06/Feb/2017 21:50:15,1922,4424,4,search
06/Feb/2017 21:50:15,519,4432,4,search
06/Feb/2017 21:50:15,424,4428,4,search
06/Feb/2017 21:50:16,1922,4424,4,search
06/Feb/2017 21:50:16,519,4480,4,search
06/Feb/2017 21:50:16,424,4444,4,search
06/Feb/2017 21:50:18,1922,4416,4,search
06/Feb/2017 21:50:18,519,4472,4,search
06/Feb/2017 21:50:18,424,4428,4,search
06/Feb/2017 21:50:19,1922,4472,4,search
06/Feb/2017 21:50:19,519,4480,4,search
06/Feb/2017 21:50:19,424,4472,4,search
06/Feb/2017 21:50:21,1922,4472,4,search
06/Feb/2017 21:50:21,519,4452,4,search
06/Feb/2017 21:50:21,424,4460,4,search
06/Feb/2017 21:50:22,1922,4476,4,search
06/Feb/2017 21:50:22,519,4440,4,search
06/Feb/2017 21:50:22,424,4468,4,search
06/Feb/2017 21:50:24,1922,4472,4,search
06/Feb/2017 21:50:24,519,4436,4,search
06/Feb/2017 21:50:24,424,4452,4,search
06/Feb/2017 21:50:25,1922,4448,4,search
06/Feb/2017 21:50:25,519,4464,4,search
06/Feb/2017 21:50:25,424,4436,4,search
06/Feb/2017 21:50:27,1922,4440,4,search
06/Feb/2017 21:50:27,519,4480,4,search
06/Feb/2017 21:50:27,424,4420,4,search
06/Feb/2017 21:50:28,1922,4416,4,search
06/Feb/2017 21:50:28,519,448,4,search
06/Feb/2017 21:50:28,424,4452,4,buy
06/Feb/2017 21:50:30,1784,3333,3,search
06/Feb/2017 21:50:30,2879,4448,4,search
06/Feb/2017 21:50:30,826,2225,2,search
06/Feb/2017 21:50:31,1784,3327,3,search
06/Feb/2017 21:50:31,2879,4436,4,search
06/Feb/2017 21:50:31,826,2250,2,search
06/Feb/2017 21:50:33,1784,3318,3,search
06/Feb/2017 21:50:33,2879,4480,4,search
06/Feb/2017 21:50:33,826,2245,2,search
06/Feb/2017 21:50:34,1784,339,3,search
06/Feb/2017 21:50:34,2879,4440,4,search
06/Feb/2017 21:50:34,826,2235,2,search
06/Feb/2017 21:50:36,1784,339,3,buy
06/Feb/2017 21:50:36,4651,1120,1,search
06/Feb/2017 21:50:36,1478,4452,4,search
06/Feb/2017 21:50:36,2715,1110,1,search
06/Feb/2017 21:50:38,4651,1130,1,search
06/Feb/2017 21:50:38,1478,4476,4,search
06/Feb/2017 21:50:38,2715,1140,1,search
06/Feb/2017 21:50:39,4651,1120,1,search
06/Feb/2017 21:50:39,1478,4424,4,search
06/Feb/2017 21:50:39,2715,1120,1,search
06/Feb/2017 21:50:41,4651,1110,1,search
06/Feb/2017 21:50:41,1478,4444,4,search
06/Feb/2017 21:50:41,2715,1140,1,search
06/Feb/2017 21:50:42,4651,1110,1,search
06/Feb/2017 21:50:42,1478,4452,4,search
06/Feb/2017 21:50:42,2715,1150,1,search
06/Feb/2017 21:50:44,4651,1140,1,search
06/Feb/2017 21:50:44,1478,4424,4,search
06/Feb/2017 21:50:44,2715,1140,1,search
06/Feb/2017 21:50:45,4651,1110,1,buy
06/Feb/2017 21:50:46,831,4452,4,search
06/Feb/2017 21:50:46,184,1110,1,search
06/Feb/2017 21:50:46,1469,3333,3,search
06/Feb/2017 21:50:47,831,4424,4,search
06/Feb/2017 21:50:47,184,1130,1,search
06/Feb/2017 21:50:47,1469,3336,3,search
06/Feb/2017 21:50:49,831,4420,4,search
06/Feb/2017 21:50:49,184,1140,1,search
06/Feb/2017 21:50:49,1469,3315,3,search
06/Feb/2017 21:50:50,831,4452,4,search
06/Feb/2017 21:50:50,184,1120,1,search
06/Feb/2017 21:50:50,1469,3330,3,search
06/Feb/2017 21:50:52,831,4416,4,search
06/Feb/2017 21:50:52,184,1120,1,search
06/Feb/2017 21:50:52,1469,3318,3,buy
06/Feb/2017 21:50:53,2011,2240,2,search
06/Feb/2017 21:50:53,4473,1150,1,search
06/Feb/2017 21:50:53,3120,1150,1,search
06/Feb/2017 21:50:55,2011,2230,2,search
06/Feb/2017 21:50:55,4473,1130,1,search
06/Feb/2017 21:50:55,3120,1110,1,search
06/Feb/2017 21:50:56,2011,2215,2,search
06/Feb/2017 21:50:56,4473,1120,1,buy
06/Feb/2017 21:50:57,864,2250,2,search
06/Feb/2017 21:50:57,4204,3339,3,search
06/Feb/2017 21:50:57,4914,2215,2,search
06/Feb/2017 21:50:59,864,225,2,search
06/Feb/2017 21:50:59,4204,339,3,search
06/Feb/2017 21:50:59,4914,2250,2,search
06/Feb/2017 21:51:00,864,2220,2,search
06/Feb/2017 21:51:00,4204,3324,3,search
06/Feb/2017 21:51:00,4914,2240,2,search
06/Feb/2017 21:51:02,864,2250,2,search
06/Feb/2017 21:51:02,4204,3345,3,search
06/Feb/2017 21:51:02,4914,2250,2,search
06/Feb/2017 21:51:03,864,2250,2,search
06/Feb/2017 21:51:03,4204,3318,3,search
06/Feb/2017 21:51:03,4914,2235,2,search
06/Feb/2017 21:51:05,864,2220,2,search
06/Feb/2017 21:51:05,4204,3327,3,buy
06/Feb/2017 21:51:06,3271,1110,1,search
06/Feb/2017 21:51:06,3460,2210,2,search
06/Feb/2017 21:51:06,875,4480,4,search
06/Feb/2017 21:51:07,3271,1120,1,search
06/Feb/2017 21:51:07,3460,2230,2,search
06/Feb/2017 21:51:07,875,4464,4,search
06/Feb/2017 21:51:09,3271,1130,1,search
06/Feb/2017 21:51:09,3460,2250,2,search
06/Feb/2017 21:51:09,875,4464,4,search
06/Feb/2017 21:51:10,3271,1150,1,search
06/Feb/2017 21:51:10,3460,2240,2,search
06/Feb/2017 21:51:10,875,4412,4,search
06/Feb/2017 21:51:12,3271,1150,1,buy
06/Feb/2017 21:51:12,2134,3327,3,search
06/Feb/2017 21:51:12,1641,2225,2,search
06/Feb/2017 21:51:12,4452,1120,1,search
06/Feb/2017 21:51:14,2134,339,3,search
06/Feb/2017 21:51:14,1641,2250,2,search
06/Feb/2017 21:51:14,4452,1140,1,search
06/Feb/2017 21:51:15,2134,3336,3,search
06/Feb/2017 21:51:15,1641,2230,2,search
06/Feb/2017 21:51:15,4452,1140,1,search
06/Feb/2017 21:51:17,2134,3330,3,search
06/Feb/2017 21:51:17,1641,2235,2,search
06/Feb/2017 21:51:17,4452,1120,1,search
06/Feb/2017 21:51:18,2134,3342,3,search
06/Feb/2017 21:51:18,1641,2245,2,search
06/Feb/2017 21:51:18,4452,1120,1,search
06/Feb/2017 21:51:20,2134,3336,3,search
06/Feb/2017 21:51:20,1641,2210,2,search
06/Feb/2017 21:51:20,4452,1120,1,search
06/Feb/2017 21:51:22,2134,3312,3,search
06/Feb/2017 21:51:22,1641,2250,2,search
06/Feb/2017 21:51:22,4452,1150,1,search
06/Feb/2017 21:51:23,2134,3345,3,search
06/Feb/2017 21:51:23,1641,2215,2,search
06/Feb/2017 21:51:23,4452,1130,1,search
06/Feb/2017 21:51:25,2134,336,3,search
06/Feb/2017 21:51:25,1641,2220,2,search
06/Feb/2017 21:51:25,4452,1120,1,search
06/Feb/2017 21:51:26,2134,3342,3,search
06/Feb/2017 21:51:26,1641,2245,2,search
06/Feb/2017 21:51:26,4452,1140,1,search
06/Feb/2017 21:51:28,2134,3345,3,search
06/Feb/2017 21:51:28,1641,2230,2,search
06/Feb/2017 21:51:28,4452,1130,1,search
06/Feb/2017 21:51:29,2134,3324,3,search
06/Feb/2017 21:51:29,1641,2245,2,search
06/Feb/2017 21:51:29,4452,1130,1,search
06/Feb/2017 21:51:31,2134,3330,3,search
06/Feb/2017 21:51:31,1641,2225,2,search
06/Feb/2017 21:51:31,4452,1130,1,search
06/Feb/2017 21:51:32,2134,3321,3,search
06/Feb/2017 21:51:32,1641,225,2,search
06/Feb/2017 21:51:32,4452,1130,1,search
06/Feb/2017 21:51:34,2134,3315,3,search
06/Feb/2017 21:51:34,1641,2245,2,search
06/Feb/2017 21:51:34,4452,1150,1,search
06/Feb/2017 21:51:35,2134,3339,3,search
06/Feb/2017 21:51:35,1641,2240,2,search
06/Feb/2017 21:51:35,4452,1120,1,buy
06/Feb/2017 21:51:37,4690,3333,3,search
06/Feb/2017 21:51:37,1743,4436,4,search
06/Feb/2017 21:51:37,4910,2215,2,search
06/Feb/2017 21:51:38,4690,3315,3,search
06/Feb/2017 21:51:38,1743,4448,4,search
06/Feb/2017 21:51:38,4910,2235,2,search
06/Feb/2017 21:51:40,4690,336,3,search
06/Feb/2017 21:51:40,1743,4436,4,search
06/Feb/2017 21:51:40,4910,2210,2,search
06/Feb/2017 21:51:41,4690,3312,3,search
06/Feb/2017 21:51:41,1743,4480,4,search
06/Feb/2017 21:51:41,4910,2225,2,search
06/Feb/2017 21:51:43,4690,3318,3,search
06/Feb/2017 21:51:43,1743,4412,4,search
06/Feb/2017 21:51:43,4910,2225,2,search
06/Feb/2017 21:51:44,4690,3336,3,search
06/Feb/2017 21:51:44,1743,4468,4,search
06/Feb/2017 21:51:44,4910,2225,2,search
06/Feb/2017 21:51:46,4690,3312,3,search
06/Feb/2017 21:51:46,1743,4464,4,search
06/Feb/2017 21:51:46,4910,2240,2,search
06/Feb/2017 21:51:47,4690,3324,3,search
06/Feb/2017 21:51:47,1743,4448,4,search
06/Feb/2017 21:51:47,4910,2225,2,search
06/Feb/2017 21:51:49,4690,336,3,search
06/Feb/2017 21:51:49,1743,4472,4,search
06/Feb/2017 21:51:49,4910,2250,2,search
06/Feb/2017 21:51:50,4690,3342,3,search
06/Feb/2017 21:51:50,1743,4480,4,search
06/Feb/2017 21:51:50,4910,2245,2,search
06/Feb/2017 21:51:52,4690,3324,3,search
06/Feb/2017 21:51:52,1743,444,4,search
06/Feb/2017 21:51:52,4910,2245,2,search
06/Feb/2017 21:51:53,4690,3327,3,search
06/Feb/2017 21:51:53,1743,444,4,search
06/Feb/2017 21:51:53,4910,225,2,search
06/Feb/2017 21:51:55,4690,3318,3,search
06/Feb/2017 21:51:55,1743,4468,4,search
06/Feb/2017 21:51:55,4910,2245,2,search
06/Feb/2017 21:51:56,4690,3312,3,search
06/Feb/2017 21:51:56,1743,4436,4,search
06/Feb/2017 21:51:56,4910,2250,2,search
06/Feb/2017 21:51:58,4690,3315,3,search
06/Feb/2017 21:51:58,1743,4448,4,search
06/Feb/2017 21:51:58,4910,2225,2,search
06/Feb/2017 21:51:59,4690,3315,3,search
06/Feb/2017 21:51:59,1743,4452,4,search
06/Feb/2017 21:51:59,4910,2210,2,search
06/Feb/2017 21:52:01,4690,3315,3,search
06/Feb/2017 21:52:01,1743,4436,4,search
06/Feb/2017 21:52:01,4910,2225,2,search
06/Feb/2017 21:52:02,4690,3321,3,search
06/Feb/2017 21:52:02,1743,444,4,search
06/Feb/2017 21:52:02,4910,2215,2,search
06/Feb/2017 21:52:04,4690,3321,3,search
06/Feb/2017 21:52:04,1743,4412,4,search
06/Feb/2017 21:52:04,4910,225,2,search
06/Feb/2017 21:52:05,4690,3324,3,search
06/Feb/2017 21:52:05,1743,4456,4,search
06/Feb/2017 21:52:05,4910,2230,2,search
06/Feb/2017 21:52:07,1635,1150,1,search
06/Feb/2017 21:52:07,4946,1150,1,search
06/Feb/2017 21:52:07,383,3339,3,buy
06/Feb/2017 21:52:08,1976,1150,1,search
06/Feb/2017 21:52:08,2500,4464,4,search
06/Feb/2017 21:52:08,474,3315,3,search
06/Feb/2017 21:52:10,1976,1130,1,buy
06/Feb/2017 21:52:10,4833,2250,2,search
06/Feb/2017 21:52:10,1037,3333,3,search
06/Feb/2017 21:52:10,1235,3318,3,search
06/Feb/2017 21:52:12,4833,2240,2,search
06/Feb/2017 21:52:12,1037,3318,3,search
06/Feb/2017 21:52:12,1235,3336,3,search
06/Feb/2017 21:52:13,4833,2230,2,search
06/Feb/2017 21:52:13,1037,3315,3,search
06/Feb/2017 21:52:13,1235,3345,3,buy
06/Feb/2017 21:52:15,541,2210,2,search
06/Feb/2017 21:52:15,3952,2220,2,search
06/Feb/2017 21:52:15,4630,2245,2,search
06/Feb/2017 21:52:16,541,2230,2,search
06/Feb/2017 21:52:16,3952,2235,2,search
06/Feb/2017 21:52:16,4630,2220,2,search
06/Feb/2017 21:52:18,541,2240,2,search
06/Feb/2017 21:52:18,3952,2225,2,search
06/Feb/2017 21:52:18,4630,2225,2,search
06/Feb/2017 21:52:20,541,225,2,search
06/Feb/2017 21:52:20,3952,2215,2,search
06/Feb/2017 21:52:20,4630,2210,2,search
06/Feb/2017 21:52:21,541,2250,2,search
06/Feb/2017 21:52:21,3952,2210,2,search
06/Feb/2017 21:52:21,4630,2220,2,search
06/Feb/2017 21:52:23,541,2245,2,search
06/Feb/2017 21:52:23,3952,2220,2,search
06/Feb/2017 21:52:23,4630,225,2,search
06/Feb/2017 21:52:24,541,2240,2,search
06/Feb/2017 21:52:24,3952,2235,2,search
06/Feb/2017 21:52:24,4630,2225,2,search
06/Feb/2017 21:52:26,541,2250,2,search
06/Feb/2017 21:52:26,3952,2220,2,search
06/Feb/2017 21:52:26,4630,225,2,search
06/Feb/2017 21:52:27,541,2230,2,search
06/Feb/2017 21:52:27,3952,2240,2,search
06/Feb/2017 21:52:27,4630,225,2,search
06/Feb/2017 21:52:29,541,2250,2,search
06/Feb/2017 21:52:29,3952,2225,2,search
06/Feb/2017 21:52:29,4630,2235,2,buy
06/Feb/2017 21:52:30,2191,3324,3,search
06/Feb/2017 21:52:30,4608,2240,2,search
06/Feb/2017 21:52:30,267,4436,4,search
06/Feb/2017 21:52:32,2191,3312,3,search
06/Feb/2017 21:52:32,4608,2245,2,search
06/Feb/2017 21:52:32,267,4480,4,search
06/Feb/2017 21:52:33,2191,3339,3,search
06/Feb/2017 21:52:33,4608,2235,2,search
06/Feb/2017 21:52:33,267,4428,4,search
06/Feb/2017 21:52:35,2191,3336,3,search
06/Feb/2017 21:52:35,4608,225,2,search
06/Feb/2017 21:52:35,267,4464,4,search
06/Feb/2017 21:52:36,2191,339,3,search
06/Feb/2017 21:52:36,4608,2210,2,search
06/Feb/2017 21:52:36,267,4424,4,search
06/Feb/2017 21:52:38,2191,3333,3,search
06/Feb/2017 21:52:38,4608,2230,2,search
06/Feb/2017 21:52:38,267,4452,4,search
06/Feb/2017 21:52:39,2191,3342,3,search
06/Feb/2017 21:52:39,4608,2215,2,search
06/Feb/2017 21:52:39,267,4412,4,search
06/Feb/2017 21:52:41,2191,3315,3,search
06/Feb/2017 21:52:41,4608,2230,2,search
06/Feb/2017 21:52:41,267,4412,4,search
06/Feb/2017 21:52:42,2191,3324,3,search
06/Feb/2017 21:52:42,4608,2230,2,search
06/Feb/2017 21:52:42,267,4444,4,search
06/Feb/2017 21:52:44,2191,3342,3,search
06/Feb/2017 21:52:44,4608,2235,2,search
06/Feb/2017 21:52:44,267,4480,4,search
06/Feb/2017 21:52:45,2191,339,3,search
06/Feb/2017 21:52:45,4608,2250,2,search
06/Feb/2017 21:52:45,267,4424,4,search
06/Feb/2017 21:52:47,2191,339,3,search
06/Feb/2017 21:52:47,4608,2235,2,search
06/Feb/2017 21:52:47,267,4456,4,search
06/Feb/2017 21:52:48,2191,3324,3,search
06/Feb/2017 21:52:48,4608,2230,2,search
06/Feb/2017 21:52:48,267,4436,4,search
06/Feb/2017 21:52:50,2191,3312,3,search
06/Feb/2017 21:52:50,4608,2245,2,search
06/Feb/2017 21:52:50,267,4444,4,search
06/Feb/2017 21:52:51,2191,3330,3,search
06/Feb/2017 21:52:51,4608,2250,2,search
06/Feb/2017 21:52:51,267,4468,4,search
06/Feb/2017 21:52:53,2191,3318,3,search
06/Feb/2017 21:52:53,4608,2240,2,search
06/Feb/2017 21:52:53,267,4460,4,search
06/Feb/2017 21:52:54,2191,3333,3,search
06/Feb/2017 21:52:54,4608,2250,2,search
06/Feb/2017 21:52:54,267,4432,4,search
06/Feb/2017 21:52:56,2191,3321,3,search
06/Feb/2017 21:52:56,4608,225,2,search
06/Feb/2017 21:52:56,267,4420,4,search
06/Feb/2017 21:52:57,2191,3336,3,search
06/Feb/2017 21:52:57,4608,2245,2,search
06/Feb/2017 21:52:57,267,4480,4,search
06/Feb/2017 21:52:59,2191,3318,3,search
06/Feb/2017 21:52:59,4608,2210,2,search
06/Feb/2017 21:52:59,267,4420,4,search
06/Feb/2017 21:53:00,4737,2225,2,search
06/Feb/2017 21:53:00,2676,3333,3,search
06/Feb/2017 21:53:00,1044,3342,3,search
06/Feb/2017 21:53:02,4737,2220,2,search
06/Feb/2017 21:53:02,2676,3345,3,search
06/Feb/2017 21:53:02,1044,333,3,search
06/Feb/2017 21:53:03,4737,2240,2,search
06/Feb/2017 21:53:03,2676,3342,3,search
06/Feb/2017 21:53:03,1044,3345,3,search
06/Feb/2017 21:53:05,4737,2240,2,search
06/Feb/2017 21:53:05,2676,3330,3,search
06/Feb/2017 21:53:05,1044,3318,3,search
06/Feb/2017 21:53:07,4737,2250,2,search
06/Feb/2017 21:53:07,2676,3324,3,buy
06/Feb/2017 21:53:08,1637,1130,1,search
06/Feb/2017 21:53:08,1461,1110,1,search
06/Feb/2017 21:53:08,4481,1150,1,search
06/Feb/2017 21:53:09,1637,1110,1,search
06/Feb/2017 21:53:09,1461,1140,1,search
06/Feb/2017 21:53:09,4481,1130,1,search
06/Feb/2017 21:53:11,1637,1150,1,search
06/Feb/2017 21:53:11,1461,1140,1,search
06/Feb/2017 21:53:11,4481,1150,1,search
06/Feb/2017 21:53:12,1637,1150,1,search
06/Feb/2017 21:53:12,1461,1150,1,search
06/Feb/2017 21:53:12,4481,1140,1,search
06/Feb/2017 21:53:14,1637,1150,1,search
06/Feb/2017 21:53:14,1461,1150,1,search
06/Feb/2017 21:53:14,4481,1130,1,search
06/Feb/2017 21:53:15,1637,1130,1,search
06/Feb/2017 21:53:15,1461,1110,1,search
06/Feb/2017 21:53:15,4481,1140,1,search
06/Feb/2017 21:53:17,1637,1130,1,search
06/Feb/2017 21:53:17,1461,1150,1,search
06/Feb/2017 21:53:17,4481,1140,1,search
06/Feb/2017 21:53:18,1637,1150,1,search
06/Feb/2017 21:53:18,1461,1130,1,search
06/Feb/2017 21:53:18,4481,1150,1,search
06/Feb/2017 21:53:20,1637,1130,1,search
06/Feb/2017 21:53:20,1461,1110,1,search
06/Feb/2017 21:53:20,4481,1120,1,search
06/Feb/2017 21:53:21,1637,1150,1,buy
06/Feb/2017 21:53:22,1836,1110,1,search
06/Feb/2017 21:53:22,3580,2225,2,buy
06/Feb/2017 21:53:23,4850,4420,4,search
06/Feb/2017 21:53:23,2275,4476,4,search
06/Feb/2017 21:53:23,2546,1150,1,search
06/Feb/2017 21:53:24,4850,4420,4,search
06/Feb/2017 21:53:24,2275,444,4,search
06/Feb/2017 21:53:24,2546,1130,1,search
06/Feb/2017 21:53:26,4850,4448,4,search
06/Feb/2017 21:53:26,2275,4440,4,search
06/Feb/2017 21:53:26,2546,1120,1,search
06/Feb/2017 21:53:27,4850,448,4,search
06/Feb/2017 21:53:27,2275,444,4,search
06/Feb/2017 21:53:27,2546,1120,1,search
06/Feb/2017 21:53:29,4850,4424,4,search
06/Feb/2017 21:53:29,2275,4476,4,search
06/Feb/2017 21:53:29,2546,1130,1,search
06/Feb/2017 21:53:30,4850,4416,4,search
06/Feb/2017 21:53:30,2275,4420,4,search
06/Feb/2017 21:53:30,2546,1140,1,search
06/Feb/2017 21:53:32,4850,4412,4,search
06/Feb/2017 21:53:32,2275,4428,4,search
06/Feb/2017 21:53:32,2546,1150,1,search
06/Feb/2017 21:53:33,4850,448,4,search
06/Feb/2017 21:53:33,2275,4464,4,search
06/Feb/2017 21:53:33,2546,1140,1,search
06/Feb/2017 21:53:35,4850,4460,4,search
06/Feb/2017 21:53:35,2275,4440,4,search
06/Feb/2017 21:53:35,2546,1110,1,search
06/Feb/2017 21:53:36,4850,4444,4,search
06/Feb/2017 21:53:36,2275,4476,4,search
06/Feb/2017 21:53:36,2546,1130,1,search
06/Feb/2017 21:53:38,4850,4456,4,search
06/Feb/2017 21:53:38,2275,4444,4,search
06/Feb/2017 21:53:38,2546,1140,1,search
06/Feb/2017 21:53:39,4850,4468,4,search
06/Feb/2017 21:53:39,2275,4432,4,search
06/Feb/2017 21:53:39,2546,1150,1,search
06/Feb/2017 21:53:41,4850,4428,4,search
06/Feb/2017 21:53:41,2275,448,4,search
06/Feb/2017 21:53:41,2546,1140,1,search
06/Feb/2017 21:53:42,4850,4452,4,search
06/Feb/2017 21:53:42,2275,4480,4,search
06/Feb/2017 21:53:42,2546,1140,1,search
06/Feb/2017 21:53:44,4850,4428,4,search
06/Feb/2017 21:53:44,2275,4428,4,search
06/Feb/2017 21:53:44,2546,1130,1,search
06/Feb/2017 21:53:45,4850,4432,4,search
06/Feb/2017 21:53:45,2275,4452,4,search
06/Feb/2017 21:53:45,2546,1140,1,search
06/Feb/2017 21:53:47,4850,4456,4,search
06/Feb/2017 21:53:47,2275,4452,4,search
06/Feb/2017 21:53:47,2546,1120,1,search
06/Feb/2017 21:53:48,4850,4412,4,search
06/Feb/2017 21:53:48,2275,4416,4,search
06/Feb/2017 21:53:48,2546,1140,1,search
06/Feb/2017 21:53:50,4850,4432,4,search
06/Feb/2017 21:53:50,2275,444,4,search
06/Feb/2017 21:53:50,2546,1110,1,search
06/Feb/2017 21:53:51,4850,4412,4,search
06/Feb/2017 21:53:51,2275,4476,4,search
06/Feb/2017 21:53:51,2546,1130,1,search
06/Feb/2017 21:53:53,4966,2225,2,search
06/Feb/2017 21:53:53,1388,1130,1,search
06/Feb/2017 21:53:53,4559,1120,1,search
06/Feb/2017 21:53:54,4966,225,2,search
06/Feb/2017 21:53:54,1388,1150,1,search
06/Feb/2017 21:53:54,4559,1120,1,search
06/Feb/2017 21:53:56,4966,2245,2,search
06/Feb/2017 21:53:56,1388,1120,1,search
06/Feb/2017 21:53:56,4559,1150,1,search
06/Feb/2017 21:53:58,4966,2240,2,search
06/Feb/2017 21:53:58,1388,1140,1,search
06/Feb/2017 21:53:58,4559,1140,1,search
06/Feb/2017 21:53:59,4966,2245,2,search
06/Feb/2017 21:53:59,1388,1120,1,search
06/Feb/2017 21:53:59,4559,1140,1,search
06/Feb/2017 21:54:01,4966,2235,2,search
06/Feb/2017 21:54:01,1388,1110,1,search
06/Feb/2017 21:54:01,4559,1130,1,search
06/Feb/2017 21:54:02,4966,2240,2,search
06/Feb/2017 21:54:02,1388,1120,1,search
06/Feb/2017 21:54:02,4559,1120,1,search
06/Feb/2017 21:54:04,4966,2220,2,search
06/Feb/2017 21:54:04,1388,1120,1,search
06/Feb/2017 21:54:04,4559,1140,1,search
06/Feb/2017 21:54:05,4966,2225,2,buy
06/Feb/2017 21:54:06,4221,3312,3,search
06/Feb/2017 21:54:06,4073,2235,2,search
06/Feb/2017 21:54:06,3131,1130,1,search
06/Feb/2017 21:54:07,4221,3342,3,search
06/Feb/2017 21:54:07,4073,2210,2,buy
06/Feb/2017 21:54:08,59,4472,4,search
06/Feb/2017 21:54:08,3282,2225,2,search
06/Feb/2017 21:54:08,2486,1120,1,search
06/Feb/2017 21:54:10,59,4452,4,search
06/Feb/2017 21:54:10,3282,2215,2,search
06/Feb/2017 21:54:10,2486,1140,1,search
06/Feb/2017 21:54:11,59,4448,4,search
06/Feb/2017 21:54:11,3282,2225,2,search
06/Feb/2017 21:54:11,2486,1130,1,search
06/Feb/2017 21:54:13,59,4464,4,search
06/Feb/2017 21:54:13,3282,2250,2,search
06/Feb/2017 21:54:13,2486,1140,1,search
06/Feb/2017 21:54:14,59,4432,4,search
06/Feb/2017 21:54:14,3282,2225,2,search
06/Feb/2017 21:54:14,2486,1120,1,search
06/Feb/2017 21:54:16,59,4412,4,search
06/Feb/2017 21:54:16,3282,2240,2,search
06/Feb/2017 21:54:16,2486,1130,1,search
06/Feb/2017 21:54:17,59,4480,4,search
06/Feb/2017 21:54:17,3282,2230,2,search
06/Feb/2017 21:54:17,2486,1110,1,search
06/Feb/2017 21:54:19,59,4468,4,search
